nama_kos,jenis_kos,area,kota_cln,price_cln_max,facility_score
Kost Pondok Nirwana Merr Tipe C Surabaya,putri,rungkut,surabaya,1600000,6
Kost Pondok Nirwana Merr Tipe B Surabaya,putri,rungkut,surabaya,1500000,4
Kost Pondok Nirwana Merr Tipe A Surabaya,putri,rungkut,surabaya,1400000,4
Kost Rungkut Mejoyo Selatan  X No 26 Rungkut Surabaya,putri,rungkut,surabaya,1100000,4
Kost Rungkut Mejoyo Selatan X  No.26 Rungkut Surabaya,putri,rungkut,surabaya,850000,4
Kost Rumah LE Laundry Exelso Rungkut Surabaya,putri,rungkut,surabaya,1100000,4
Kost Griya Agung Sukolilo Surabaya,putra,sukolilo,surabaya,600000,0
Kost VIP Merr Tipe D Surabaya,putra,sukolilo,surabaya,1525000,6
Kost VIP Merr Tipe B Surabaya,putra,sukolilo,surabaya,1500000,6
Kost VIP Merr Tipe C Surabaya,putra,sukolilo,surabaya,1560000,6
Kost VIP Merr Tipe E Surabaya,putra,sukolilo,surabaya,1550000,6
Kost Brantas Permai Wiyung Surabaya,putri,wiyung,surabaya,900000,4
Kost Barokah Jajar Tunggal Tipe A Wiyung Surabaya,campur,wiyung,surabaya,400000,2
Kost Sutrami No 1 Wiyung Surabaya,putri,wiyung,surabaya,450000,2
Kost Sutrami No 26 Wiyung Surabaya,putri,wiyung,surabaya,500000,2
Kost Bapak Kusnan Tipe B Gubeng Surabaya,putri,gubeng,surabaya,750000,4
Kost Pak Kusnan Tipe C Gubeng Surabaya,putri,gubeng,surabaya,800000,4
Kost Karmen Tipe A Gubeng Surabaya,putri,gubeng,surabaya,500000,4
Kost Karmen Tipe B Gubeng Surabaya,putri,gubeng,surabaya,500000,4
Kost Murah Eksekutif Tipe A Manyar Sambongan Gubeng Surabaya,campur,gubeng,surabaya,1300000,6
Kost Marlan Tambaksari Surabaya,campur,tambaksari,surabaya,600000,0
Kost Ibu Sarman Gubeng Surabaya,putra,gubeng,surabaya,600000,4
Kost  Kertajaya Gubeng Surabaya,putri,gubeng,surabaya,750000,4
Kost Putri Aurelia Gubeng Surabaya,putri,gubeng,surabaya,500000,0
Kost Jalan Kedung Tarukan Baru Gubeng Surabaya,putra,gubeng,surabaya,600000,2
Jl kedung tarukan baru 4a no2 agen pos,putra,gubeng,surabaya,500000,4
Kost Kedung Tarukan Baru 1 No.38 Gubeng Surabaya,putra,gubeng,surabaya,600000,4
Kost Berkat Tambaksari Surabaya,putra,tambaksari,surabaya,1250000,4
Kost Cika Indah Tambaksari Surabaya,putri,tambaksari,surabaya,2000000,4
Kost Gubeng Kertajaya Surabaya,putra,gubeng,surabaya,2200000,6
Kost Dharmawangsa Barat Gubeng  Surabaya,putri,gubeng,surabaya,600000,4
Kost Pak Ribut Gubeng Surabaya,putra,gubeng,surabaya,600000,0
Kost Ibu Parmi Gubeng Surabaya,putra,gubeng,surabaya,1300000,4
Kost Ibu Mul Mojo Surabaya,putra,gubeng,surabaya,700000,4
Kost Circle Tipe A Gubeng Kertajaya Surabaya,putra,gubeng,surabaya,1450000,4
Kost Dua Dua Karang Rejo Timur Wonokromo Surabaya,putri,wonokromo,surabaya,750000,2
Kost Ibu Linda Wonokromo Surabaya,putri,wonokromo,surabaya,600000,2
Kost Dento Baratajaya Gubeng Surabaya,putri,gubeng,surabaya,1500000,4
Kost Brawet Wonokromo Surabaya,putri,wonokromo,surabaya,950000,2
Kost Ketintang 91 Wonokromo Surabaya,campur,gayungan,surabaya,1250000,6
Kost Ngagel Madya V 39 Tipe C Gubeng Surabaya,putra,gubeng,surabaya,1000000,4
Kost Ngagel Madya V 39 Gubeng Surabaya,putra,gubeng,surabaya,750000,4
Kost Rumah Mukanie 1 Gayungan Surabaya,putri,gayungan,surabaya,750000,2
Kost Rumah Mukanie 2 Gayungan Surabaya,putri,gayungan,surabaya,950000,6
Kost Putri Tipe B Wonokromo Surabaya,putri,wonokromo,surabaya,550000,0
Kost Njs320 Tipe B Gubeng Surabaya,campur,gubeng,surabaya,900000,2
Kost Njs320 Tipe C Gubeng Surabaya,campur,gubeng,surabaya,1500000,2
Kost Diana Wonokromo Surabaya,putri,wonokromo,surabaya,450000,0
Kost Jl Barata Jaya XX Surabaya,campur,gubeng,surabaya,1300000,4
Kost Yustina Gubeng Surabaya,putri,gubeng,surabaya,650000,2
Kost Pasutri Pak Helmi Boarding House Sukolilo Surabaya,putri,sukolilo,surabaya,1700000,6
Kost Alfika Syariah Gubeng Surabaya,putri,gubeng,surabaya,700000,4
Kost Pak Yudi Sukolilo Surabaya,putra,sukolilo,surabaya,1000000,4
Kost Keputih Makam E 21 Sukolilo Surabaya,putra,sukolilo,surabaya,500000,0
Kost Agam Keputih 1/42 Tipe A Sukolilo Surabaya,putra,sukolilo,surabaya,1000000,4
Kost Putra Merdeka Sukolilo Surabaya,putra,sukolilo,surabaya,550000,2
Kost Muslimah 104 Tipe B Sukolilo Surabaya,putri,sukolilo,surabaya,550000,2
Kost Muslimah 104 Tipe C Sukolilo Surabaya,putri,sukolilo,surabaya,600000,2
Kost Pak Ali Irsyad I Sukolilo Surabaya,putra,sukolilo,surabaya,650000,4
Kost Kedondong Umi Sukolilo Surabaya,campur,sukolilo,surabaya,700000,2
Kost Karang Menjangan Gubeng Surabaya,putra,gubeng,surabaya,600000,2
Kost Like Mojoklangru  Tipe A Gubeng Surabaya,campur,gubeng,surabaya,900000,4
Kost Like Mojoklangru  Tipe B Gubeng Surabaya,campur,gubeng,surabaya,1400000,4
Kost Like Gubeng Surabaya,campur,gubeng,surabaya,1000000,4
Kost Montis Gubeng Surabaya,campur,gubeng,surabaya,1250000,4
Kost Griya Semar Gubeng Surabaya,putri,gubeng,surabaya,1300000,4
Kost Dharma Berkah Yudistira Gubeng Surabaya,putri,gubeng,surabaya,500000,2
Kost Griyo Eyang Toemin Gubeng Surabaya,campur,gubeng,surabaya,1800000,0
Kost Prambanan 9A Tipe A Tambaksari Surabaya,putri,tambaksari,surabaya,900000,4
Kost Prambanan 9A Tipe B Tambaksari Surabaya,putri,tambaksari,surabaya,1000000,4
Kost Bu Ofa Tipe B Tambaksari Surabaya,putri,tambaksari,surabaya,350000,2
Kost Bu Ira Gubeng Surabaya,campur,gubeng,surabaya,850000,4
Kost Nadia Jaya Tegalsari Surabaya,putri,tegalsari,surabaya,1000000,4
Kost Jl Kedung Tarukan Gubeng Surabaya,putri,gubeng,surabaya,600000,2
Kost Yellow Gubeng Surabaya,putri,gubeng,surabaya,900000,4
Kost Dhs Dharmahusada Gubeng Surabaya,putra,gubeng,surabaya,2000000,6
Kost Bu Rossy Tegalsari Surabaya,putri,tegalsari,surabaya,500000,4
Kost Abadi Jaya 41 Tegalsari Surabaya,putri,tegalsari,surabaya,900000,4
Kost Bu Ofa Tipe C Tambaksari Surabaya,putri,tambaksari,surabaya,400000,2
Kost Imannuell Gubeng Surabaya,putri,gubeng,surabaya,750000,2
Kost Njs III/20 Gubeng Surabaya,campur,gubeng,surabaya,1000000,2
Kost Jl Ngagel Jaya TengahTipe B Surabaya,campur,gubeng,surabaya,900000,4
Kost Wanita Ngagel Jaya Tipe A Surabaya,putri,gubeng,surabaya,1750000,2
Kost Upi Dukuh Pakis Surabaya,putra,dukuhpakis,surabaya,1350000,6
Kost Perempuan Dukuhpakis Surabaya,putri,dukuhpakis,surabaya,800000,2
Kost DK Tipe A Dukuhpakis Surabaya,campur,dukuhpakis,surabaya,400000,2
Kost Dk Tipe B Dukuhpakis Surabaya,campur,dukuhpakis,surabaya,600000,4
Kost Ibu Rum Dukuhpakis Surabaya,putri,dukuhpakis,surabaya,700000,2
Kost Darmo Guest House Tipe A Wiyung Surabaya,putri,wiyung,surabaya,1599000,6
Kost Blessing Homestay Dukuh Pakis Surabaya,campur,dukuhpakis,surabaya,2200000,6
[FLEXI] Kost Singgahsini Cimanuk Tipe A Wonokromo Surabaya,putri,tegalsari,surabaya,2061500,4
[FLEXI] Kost Singgahsini Cimanuk Tipe B Wonokromo Surabaya,putri,tegalsari,surabaya,1670000,4
Kost Setail 22 Wonokromo Surabaya,campur,wonokromo,surabaya,1500000,6
Kost Premium Ngagel Mulyo Wonokromo Surabaya,campur,wonokromo,surabaya,1750000,4
Kost Ferkyta Tipe A Wonokromo Surabaya,putra,wonokromo,surabaya,1100000,2
Kost Ferkyta Tipe B Wonokromo Surabaya,putra,wonokromo,surabaya,1000000,4
Kost Bratang Gede Tipe C Wonokromo Surabaya,campur,wonokromo,surabaya,1700000,0
Kost Bratang Gede Tipe B Wonokromo Surabaya,campur,wonokromo,surabaya,1500000,2
Kost Putri Bratang Wonokromo Surabaya,putri,wonokromo,surabaya,475000,0
Kost Bratang Wonokromo Surabaya,putri,wonokromo,surabaya,550000,2
Kost Mi Casa Wonokromo Surabaya,putra,wonokromo,surabaya,1000000,4
Kost Sidik Ngagel Tirto III Wonokromo Surabaya,putra,wonokromo,surabaya,612000,6
Kost Jl Ngagel Tirto III Wonokromo Surabaya,putra,wonokromo,surabaya,511000,4
Kost Bratang Gede 129 Wonokromo Surabaya,campur,wonokromo,surabaya,1800000,4
Kost Djadjang Tipe B Wonokromo Surabaya,campur,wonokromo,surabaya,850000,2
Kost Djadjang Tipe A Wonokromo Surabaya,campur,wonokromo,surabaya,1350000,4
Kost Bratang 1F Tipe A Wonokromo Surabaya,putri,wonokromo,surabaya,500000,2
Kost Bratang 1F Tipe C Wonokromo Surabaya,putri,wonokromo,surabaya,500000,2
Kost Bu Slamet Wonokromo Surabaya,campur,wonokromo,surabaya,600000,0
Kost Pucang Syariah Residence Gubeng Surabaya,campur,gubeng,surabaya,1800000,6
Kost Erga De A Yani Resident Gayungan Surabaya,campur,gayungan,surabaya,2750000,6
Kost Griya Dbl Gayungan Surabaya,campur,gayungan,surabaya,3200000,6
Kost Tamansari Papilio Gayungan Surabaya,campur,gayungan,surabaya,3200000,2
Kost Kirei Executive Juanda Sedati Sidoarjo,campur,sedati,surabaya,1000000,6
Kost Gm Juanda Waru Siodarjo,campur,waru,surabaya,1100000,6
Kost Rumah Krisna Dekat Juanda Waru Sidoarjo,putra,waru,surabaya,650000,6
Kost Gede Sedati Sidoarjo,campur,sedati,surabaya,399999,2
Kost Gede Tipe A Sedati Sidoarjo,campur,sedati,surabaya,699999,4
Kost Mumtaz Sedati Sidoarjo,campur,sedati,surabaya,1200000,4
Kost Mbah Yaroh 07 Sedati Sidoarjo,campur,sedati,surabaya,1100000,4
Kost Kinasih Atiga Waru Sidoarjo,campur,waru,surabaya,400000,0
Kost Juanda Sedati Sidoarjo,campur,sedati,surabaya,3900000,6
Kost Perumahan Gate Garden Juanda Sedati Sidoarjo,campur,sedati,surabaya,1200000,4
Kost  Eksekutif Pepe Duta Amnan Sedati Sidoarjo,campur,sedati,surabaya,950000,4
Kost Oasis Sedati Sidoarjo,putri,sedati,surabaya,650000,2
Kost Omah 1 Waru Sidoarjo,putra,waru,surabaya,500000,4
Kost Kinasih Waru Sidoarjo,campur,waru,surabaya,400000,2
Kost Bandara Juanda Sedati Gede Sidoarjo,campur,sedati,surabaya,600000,4
Kost Davina 2 Tipe B Sedati Sidoarjo,campur,sedati,surabaya,900000,6
Kost Davina 2 Tipe A Sedati Sidoarjo,campur,sedati,surabaya,750000,6
Kost Bu Agustina Sedati Sidoarjo,putri,sedati,surabaya,1500000,4
Kost Griya Asri Tipe A Waru Sidoarjo,campur,waru,surabaya,1000000,6
Kost Kembang Sepatu 32 Tipe B Senen Jakarta Pusat,campur,senen,jakarta,800000,0
Kost Cha Cha Senen Jakarta Pusat,putri,senen,jakarta,1700000,4
Kost Qiwagi Kemayoran Jakarta Pusat,campur,kemayoran,jakarta,1600000,2
Kost GMT Kemayoran Jakarta Pusat,campur,kemayoran,jakarta,650000,2
Kost Anton Kenari Senen Jakarta Pusat,putri,senen,jakarta,750000,2
Kost Gembong Residence 2 Kemayoran Jakarta Pusat,campur,kemayoran,jakarta,900000,2
Kost Cikini Menteng Gondangdia Menteng Jakarta Pusat,campur,menteng,jakarta,1000000,6
Kost Kalibaru Timur 5 Tipe B Senen Jakarta Pusat,putri,senen,jakarta,1250000,2
Kost Opung Tipe B Menteng Jakarta Pusat,campur,menteng,jakarta,1800000,6
Kost Hj Menteng Jakarta Pusat,putri,menteng,jakarta,1400000,4
Kost Probolinggo Residence Tipe A  Menteng Jakarta Pusat,putri,menteng,jakarta,1999000,6
Kost G20 Tipe B Kemayoran Jakarta Pusat,campur,kemayoran,jakarta,1800000,4
Kost G20 Tipe A Kemayoran Jakarta Pusat,campur,kemayoran,jakarta,1600000,4
Kost Ketapang 127 Tipe A Kemayoran Jakarta Pusat,campur,kemayoran,jakarta,900000,4
Kost Rawa Kepa Grogol Petamburan Jakarta Barat,campur,grogol petamburan,jakarta,1200000,6
Kost Melsa House Menteng Jakarta Pusat,putri,menteng,jakarta,1750000,6
Kost Jaya Residence Palmerah Jakarta Barat,campur,palmerah,jakarta,1800000,6
Kost Belida Benhil Tipe B Tanah Abang Jakarta Pusat,putra,tanah abang,jakarta,1800000,4
Legreen Suite Setiabudi Jakarta Selatan,campur,setiabudi,jakarta,4000000,6
Kost Damai Sejahtera Tipe A Tanah Abang Jakarta Pusat,campur,tanah abang,jakarta,1125000,2
Kost Damai Sejahtera Tipe B Tanah Abang Jakarta Pusat,campur,tanah abang,jakarta,1215000,2
Kost Damai Sejahtera Tipe D Tanah Abang Jakarta Pusat,campur,tanah abang,jakarta,1980000,0
Kost Damai Sejahtera Tipe C Tanah Abang Jakarta Pusat,campur,tanah abang,jakarta,1800000,4
Kost Tomang Utara 2/190G Grogol Petamburan Jakarta Barat,putri,grogol petamburan,jakarta,1100000,4
Kost Sultan Agung 26 Tipe A Jakarta Selatan,campur,setiabudi,jakarta,2500000,6
Kost Sandio Pejompongan Tanah Abang Jakarta Pusat,campur,tanah abang,jakarta,2250000,4
Kost Benhil Tanah Abang Jakarta Pusat,putri,tanah abang,jakarta,2800000,6
[FLEXI] Kost Singgahsini Fatmawati Residence Tipe A Cilandak Jakarta Selatan,campur,cilandak,jakarta,1904000,6
[FLEXI] Kost Singgahsini Fatmawati Residence Tipe F Cilandak Jakarta Selatan,campur,cilandak,jakarta,1702500,6
[FLEXI] Kost Singgahsini Cozee Home Tipe A Cilandak Jakarta Selatan,putri,cilandak,jakarta,2350000,6
[FLEXI] Kost Singgahsini Cozee Home Tipe B Cilandak Jakarta Selatan,putri,cilandak,jakarta,2250000,6
[FLEXI] Kost Singgahsini Cipete Tipe C Jakarta Selatan,campur,kebayoran baru,jakarta,3629000,6
[FLEXI] Kost Singgahsini Lebak Bulus Cilandak Jakarta Selatan,campur,cilandak,jakarta,2204000,6
[FLEXI] Kost Singgahsini Cipete Tipe B Jakarta Selatan,campur,kebayoran baru,jakarta,4020000,6
[FLEXI] Kost Singgahsini Haji Nawi Tipe A Cilandak Jakarta Selatan,campur,kebayoran baru,jakarta,3420000,6
[FLEXI] Kost Singgahsini House of Marsya Cilandak Jakarta Selatan,campur,cilandak,jakarta,3350000,6
[FLEXI] Kost Singgahsini Fatmawati Residence Tipe B Cilandak Jakarta Selatan,campur,cilandak,jakarta,2370000,6
[FLEXI] Kost Singgahsini Fatmawati Residence Tipe C Cilandak Jakarta Selatan,campur,cilandak,jakarta,2370000,6
[FLEXI] Kost Singgahsini Fatmawati Residence Tipe D Cilandak Jakarta Selatan,campur,cilandak,jakarta,2470000,6
Kost Rumah Kamang Residence Tipe Studio Ragunan Pasar Minggu Jakarta Selatan GF,campur,pasar minggu,jakarta,3850000,6
Kost Ragunan Residence Tipe Eksklusif Pasar Minggu Jakarta Selatan GF,campur,pasar minggu,jakarta,2254000,6
Kost Ragunan Residence Tipe Studio Pasar Minggu Jakarta Selatan GF,campur,pasar minggu,jakarta,3000000,6
Kost Ragunan Residence Tipe VIP Pasar Minggu Jakarta Selatan,campur,pasar minggu,jakarta,2750000,6
Kost Nugra House Karet Setiabudi Jakarta Selatan,campur,setiabudi,jakarta,4000000,6
Kost Tranches Karet Kuningan Setiabudi Jakarta Selatan,campur,setiabudi,jakarta,2500000,6
Kost 3tranches Setiabudi Jakarta Selatan,campur,setiabudi,jakarta,2500000,6
Kost Karet Setia Budi Jakarta Selatan,putri,setiabudi,jakarta,1700000,6
Kosan Bu Eni Karet Setia Budi,putra,setiabudi,jakarta,1100000,4
Kost Yosi Perdana Tipe C Setiabudi Jakarta Selatan,putra,setiabudi,jakarta,1300000,4
Kost Yosi Perdana Tipe A Setiabudi Jakarta Selatan,campur,setiabudi,jakarta,1000000,0
Kost Yosi Perdana Tipe B Setiabudi Jakarta Selatan,campur,setiabudi,jakarta,1000000,0
Kost Edward Residence Grogol petamburan Jakarta Barat,campur,grogol petamburan,jakarta,1700000,6
Kost 611 Tipe B Tanah Abang Jakarta Pusat,campur,tanah abang,jakarta,950000,4
Kost 611 Tipe A Tanah Abang Jakarta Pusat,campur,tanah abang,jakarta,1200000,4
Kost Gedong Lima Grogol Petamburan Jakarta Barat,putra,grogol petamburan,jakarta,1400000,6
Kost Sabang Tipe D Menteng Jakarta Pusat,putri,menteng,jakarta,2100000,4
Kost Sabang 40 Tipe F Menteng Jakarta Pusat,putri,menteng,jakarta,1800000,2
Kost Kosera Grogol Petamburan Jakarta Barat,campur,grogol petamburan,jakarta,1200000,4
Kost Untar Grogol Petamburan Jakarta Barat,campur,grogol petamburan,jakarta,1600000,4
Kost Seruni Residences Grogol Petamburan Jakarta Barat,putri,grogol petamburan,jakarta,1700000,6
Kost Nalabarca House Tipe A Grogol Petamburan Jakarta Barat,campur,grogol petamburan,jakarta,1500000,4
Kost Jelambar Selatan Tipe E Grogol Petamburan Jakarta Barat,campur,grogol petamburan,jakarta,850000,4
Kost Rawa Kepa Tipe A Grogol Petamburan Jakarta Barat,campur,grogol petamburan,jakarta,1300000,6
Kost Kota Glodok Hayam Wuruk Gajah Mada Jembatan Lima Tipe A Tambora Jakarta Barat,campur,tambora,jakarta,750000,4
Kost Kota Glodok Hayam Wuruk Gajah Mada Jembatan Lima Tipe B Tambora Jakarta Barat,campur,tambora,jakarta,1050000,6
Kost Kota Glodok Hayam Wuruk Tipe C Tambora Jakarta Barat,campur,tambora,jakarta,1000000,4
Kost Kota Glodok Hayam Wuruk Gajah Mada Jembatan Lima Tipe D Tambora Jakarta Barat,campur,tambora,jakarta,1350000,6
Kost Kota Glodok Hayam Wuruk Gajah Mada Jembatan Lima Tipe E Tambora Jakarta Barat,campur,tambora,jakarta,1500000,6
Kost Jelambar Selatan 2/B2a Tipe B Grogol Petamburan Jakarta Barat,campur,grogol petamburan,jakarta,900000,4
Kost Jelambar Selatan 2/B2a Tipe A Grogol Petamburan Jakarta Barat,campur,grogol petamburan,jakarta,800000,4
Kost Teras BSD Serpong Tangerang Selatan,campur,serpong,jakarta,2300000,4
Kost Paviliun Rumah Rawabuntu Serpong Tangerang Selatan,campur,serpong,jakarta,1200000,4
Kost Orchid House Serpong Tangerang Selatan,campur,serpong,jakarta,1400000,6
Kost Sakura House BSD Serpong Tangerang Selatan,putri,serpong,jakarta,750000,2
Kost Muslimah Griya Aisyah Serpong Tangerang Selatan,putri,serpong,jakarta,1450000,4
Kost Muslimah Uni Tipe B Serpong Tangerang Selatan,putri,serpong,jakarta,1600000,4
Kost Muslimah Uni Tipe A Serpong Tangerang Selatan,putri,serpong,jakarta,1800000,6
Kost Rawa Buntu Bsd Tangerang Selatan,campur,serpong,jakarta,1700000,0
Kost Oma Evi Rawabuntu Serpong Tangerang Selatan,putri,serpong,jakarta,1300000,6
Kost DoubleR Anggrek Loka Serpong Tangerang Selatan,putra,serpong,jakarta,1400000,4
Kost Rumah Mandiri BSD Tangerang,putri,serpong,jakarta,700000,0
Kost Apple Serpong Tangerang Selatan,campur,serpong,jakarta,1000000,2
Kost Homestay Pak Gatot Duren Sawit Jakarta Timur,campur,duren sawit,jakarta,700000,2
Kost Family Tipe A Duren Sawit Jakarta Timur,campur,duren sawit,jakarta,2000000,6
Kost Swadaya Raya Type A Duren Sawit Jakarta Timur,campur,duren sawit,jakarta,1300000,4
Kost Zakaria Duren Sawit Jakarta Timur,campur,duren sawit,jakarta,1800000,2
Kost Pondok Permai Tipe B Duren Sawit Jakarta Timur,campur,duren sawit,jakarta,1400000,4
DEKOST MANAGEMENT Type A Malaka Sari Jakarta Timur,putri,duren sawit,jakarta,800000,4
Kost Simatupang Duren Sawit Jakarta Timur,campur,duren sawit,jakarta,1400000,4
Kost Exclusive Kalimalang Tipe D Pondok Kelapa Jakarta Timur,campur,duren sawit,jakarta,1600000,4
Kost Gading Elok Residence II Tipe Single Bed Kelapa Gading Jakarta Utara,campur,kelapa gading,jakarta,2100000,6
Kost Gading Elok Residence II Tipe Queen Bed Kelapa Gading Jakarta Utara,campur,kelapa gading,jakarta,2800000,6
Kost Murah Jl Kelapa Puan Tipe B Kelapa Gading Jakarta Utara,campur,kelapa gading,jakarta,700000,4
Kost Putri Kelapa Gading Ibu Elis Jakarta Utara,putri,kelapa gading,jakarta,2100000,4
Kost Eksekutif Boulevard Kelapa Gading Jakarta Utara,campur,kelapa gading,jakarta,3500000,6
Kost Putri Amor Tipe B Kelapa Gading Jakarta Utara,putri,kelapa gading,jakarta,700000,2
Kost Putri Amor Tipe A Kelapa Gading Jakarta Utara,putri,kelapa gading,jakarta,700000,2
Kost Jl Kelapa Puan Tipe C  Kelapa Gading Jakarta Utara,campur,kelapa gading,jakarta,950000,4
Kost Jl Kelapa Puan Tipe A Kelapa Gading Jakarta Utara,campur,kelapa gading,jakarta,800000,4
Kost Gading Elok Cengkir Tipe B Kelapa Gading Jakarta Utara,campur,kelapa gading,jakarta,1200000,0
Kost Gading Elok Cengkir Tipe A Kelapa Gading Jakarta Utara,campur,kelapa gading,jakarta,1500000,4
Kost Zam Zam Life  Kelapa Gading Jakarta Utara,campur,kelapa gading,jakarta,2000000,4
Kost Griya Flamboyan Kelapa Gading Jakarta Utara,campur,kelapa gading,jakarta,2250000,6
Kost Fantasy Kelapa Gading Jakarta Utara,putri,kelapa gading,jakarta,1400000,4
Kost Flamboyan Kelapa Gading Jakarta Utara,campur,kelapa gading,jakarta,2250000,6
Kost Puri Nias Tipe B Kelapa Gading Jakarta Utara,campur,kelapa gading,jakarta,2700000,6
Kost Harpa Place Tipe B Kelapa Gading Jakarta Utara,campur,kelapa gading,jakarta,2200000,6
Kost Harpa Place Tipe A Kelapa Gading Jakarta Utara,campur,kelapa gading,jakarta,2400000,6
Kost Anaia Tanah Abang Jakarta Pusat,putra,tanah abang,jakarta,1700000,6
Kost Izhar Studio Seibu Mansion Setiabudi Jakarta Selatan,campur,setiabudi,jakarta,2500000,4
Kost Izhar Tanah Abang Jakarta Pusat,putri,tanah abang,jakarta,1300000,4
Kost Putri Palmerah Jakarta Barat,putri,palmerah,jakarta,1600000,2
Kost Jl Administrasi Tanah Abang Jakarta Pusat,campur,tanah abang,jakarta,2500000,4
Kost Cindy Setiabudi Jakarta Selatan,campur,setiabudi,jakarta,850000,0
Kost Ibu Eddy Slipi Palmerah Jakarta Barat,putra,palmerah,jakarta,500000,0
Kost Wisma Pendawa Lima 2 Palmerah Jakarta Barat,campur,palmerah,jakarta,1815000,6
Kost HOC Tanah Abang Jakarta Pusat,campur,tanah abang,jakarta,3500000,4
Kost Ratim Tipe B Setiabudi Jakarta Selatan,putri,setiabudi,jakarta,1500000,2
Kost Ratim Tipe A Setiabudi Jakarta Selatan,putri,setiabudi,jakarta,1700000,0
Kost Jl Administrasi Negara Tipe B Pejompongan Jakarta Pusat,campur,tanah abang,jakarta,2750000,4
Kost Henky Karet Jakarta Pusat,putra,tanah abang,jakarta,750000,0
Kost Haryo Kebayoran Baru Jakarta Selatan,campur,kebayoran baru,jakarta,1200000,2
Kost Anggrek Setiabudi Jakarta Selatan,putri,setiabudi,jakarta,1600000,4
Kost OK Setiabudi Jakarta Selatan,campur,setiabudi,jakarta,1025000,2
Kost Slipi Tipe A Palmerah Jakarta Barat,putri,palmerah,jakarta,1600000,4
Kost Gading Greenhill Kelapa Gading Jakarta Utara,campur,kelapa gading,jakarta,2050000,6
Kost Griya Damar Tipe A Pancoran Jakarta Selatan,putra,pancoran,jakarta,730000,4
Kost Lorenda Tebet Jakarta Selatan,campur,tebet,jakarta,1500000,6
Kost Tirta Cassablanca Tipe A Setiabudi Jakarta Selatan,campur,setiabudi,jakarta,1250000,2
Kost Rumah Pengadegan Pancoran Jakarta Selatan,campur,pancoran,jakarta,1500000,6
Kost Griya Hijau Kebon Baru Tebet Jakarta Selatan,putra,tebet,jakarta,1800000,4
Kost SyailendraTipe B Tebet Jakarta Selatan,campur,tebet,jakarta,2700000,6
Kost Syailendra Tebet Jakarta Selatan,campur,tebet,jakarta,3700000,6
Kost 88 Group Pancoran Jakarta Selatan,campur,pancoran,jakarta,1800000,6
Kost 88 Group Tipe A Pancoran Jakarta Selatan,campur,pancoran,jakarta,1800000,6
Kost Guest House Grita Tebet Jakarta Selatan,campur,tebet,jakarta,1900000,6
Kost Tirta Cassablanca Tipe B Setiabudi Jakarta Selatan,campur,setiabudi,jakarta,1800000,6
Kost D&G Home Tipe B Pancoran Jakarta Selatan,campur,pancoran,jakarta,2500000,6
Kost D&G Home Tipe C Pancoran Jakarta Selatan,campur,pancoran,jakarta,3000000,6
Kost Griya Damar Tipe B Pancoran Jakarta Selatan,putra,pancoran,jakarta,913000,4
[FLEXI] Kost Singgahsini MnV Co-Living Tipe B Bendungan Hilir Jakarta Pusat,campur,tanah abang,jakarta,2491000,6
[FLEXI] Kost Singgahsini Homey Hompy Tipe A Tebet Jakarta Selatan,putri,tebet,jakarta,2790000,6
[FLEXI] Kost Singgahsini Lontar Tipe A Setiabudi Jakarta Selatan,putri,setiabudi,jakarta,2462800,6
[FLEXI] Kost Singgahsini MnV Co-Living Tipe A Bendungan Hilir Jakarta Pusat,campur,tanah abang,jakarta,2204000,6
[FLEXI] Kost Singgahsini Wisma KS23 Tipe A Setiabudi Jakarta Selatan,campur,setiabudi,jakarta,1953600,6
[FLEXI] Kost Singgahsini East 37 Tipe C Tebet Timur Jakarta Selatan,putra,tebet,jakarta,2167000,6
[FLEXI] Kost Singgahsini Lontar Tipe B Setiabudi Jakarta Selatan,putri,setiabudi,jakarta,2420000,6
[FLEXI] Kost Singgahsini Homey Hompy Tipe B Tebet Jakarta Selatan,putri,tebet,jakarta,2700000,6
[FLEXI] Kost Singgahsini East 37 Tipe D Tebet Timur Jakarta Selatan,campur,tebet,jakarta,2538000,6
[FLEXI] Kost Singgahsini Tanah Abang Tipe C Jakarta Pusat,putri,tanah abang,jakarta,1520000,6
[FLEXI] Kost Singgahsini Casa Palem Tipe A Bendungan Hilir Jakarta Pusat,campur,tanah abang,jakarta,1728000,6
[FLEXI] Kost Singgahsini Dian Setiabudi Tipe B Jakarta Selatan,campur,setiabudi,jakarta,2120000,6
[FLEXI] Kost Singgahsini Dian Setiabudi Tipe C Jakarta Selatan,campur,setiabudi,jakarta,2220000,6
[FLEXI] Kost Singgahsini Wisma KS23 Tipe B Setiabudi Jakarta Selatan,campur,setiabudi,jakarta,2320000,6
[FLEXI] Kost Singgahsini East 37 Tipe A Tebet Timur Jakarta Selatan,putra,tebet,jakarta,1890000,6
[FLEXI] Kost Singgahsini East 37 Tipe B Tebet Timur Jakarta Selatan,putra,tebet,jakarta,2020000,4
Kost Rumah Kayu Manis Tipe A Tebet Jakarta Selatan GF,campur,tebet,jakarta,2300000,4
Kost Bumi Benhil Tipe A Tanah Abang Jakarta Pusat GF,campur,tanah abang,jakarta,3000000,4
Kost Benhil 7 Tipe C Tanah Abang Jakarta Pusat GF,putra,tanah abang,jakarta,1485000,2
Kost Benhil 7 Tipe A Tanah Abang Jakarta Pusat GF,putra,tanah abang,jakarta,1620000,2
[FLEXI] Kost Singgahsini Tessa Tipe B Condongcatur Yogyakarta,putri,depok,jogja,1850000,6
[FLEXI] Kost Singgahsini Tessa Tipe A Condongcatur Yogyakarta,putri,depok,jogja,1470000,6
[FLEXI] Kost Singgahsini Rien House Tipe A Condongcatur Yogyakarta,campur,depok,jogja,1770000,6
[FLEXI] Kost Singgahsini Rumah Eyang Tipe B Gejayan Yogyakarta,putri,depok,jogja,2180000,4
[FLEXI] Kost Singgahsini Rumah Eyang Tipe E Gejayan Yogyakarta,campur,depok,jogja,1720000,4
[FLEXI] Kost Singgahsini Putri Danish Gejayan Yogyakarta,putri,depok,jogja,970000,4
[FLEXI] Kost Singgahsini Rien House Tipe B Condongcatur Yogyakarta,campur,depok,jogja,1720000,6
[FLEXI] Kost Singgahsini Rien House Tipe C Condongcatur Yogyakarta,campur,depok,jogja,1920000,6
[FLEXI] Kost Singgahsini Sananta Condongcatur Yogyakarta,campur,depok,jogja,1420000,4
[FLEXI] Kost Singgahsini Gambuh Carani Condongcatur Yogyakarta,campur,depok,jogja,1520000,6
[FLEXI] Kost Singgahsini Griya Kana 2 Tipe B Maguwoharjo Yogyakarta,putri,ngemplak,jogja,1270000,4
[FLEXI] Kost Singgahsini Griya Kana 2 Tipe A Maguwoharjo Yogyakarta,putri,ngemplak,jogja,820000,4
[FLEXI] Kost Singgahsini Ratune Tipe A Seturan Yogyakarta,putri,depok,jogja,1320000,6
[FLEXI] Kost Singgahsini Jasmin Tipe B Seturan Yogyakarta,putri,depok,jogja,1420000,6
[FLEXI] Kost Singgahsini Ratune Tipe B Seturan Yogyakarta,putri,depok,jogja,1320000,6
[FLEXI] Kost Singgahsini Griya Christina Maguwoharjo Yogyakarta,putri,depok,jogja,1440000,6
[FLEXI] Kost Singgahsini Jasmin Tipe A Seturan Yogyakarta,putri,depok,jogja,1490000,6
[FLEXI] Kost Singgahsini Kemala Residence Kledokan Yogyakarta,putri,depok,jogja,1750000,6
[FLEXI] Kost Singgahsini Rahayu Tipe A1 Condongcatur Yogyakarta,putri,depok,jogja,920000,4
[FLEXI] Kost Singgahsini Rahayu Tipe A3 Condongcatur Yogyakarta,putri,depok,jogja,1220000,4
Kost Larisma Tipe B Ngemplak Sleman,putra,ngemplak,jogja,600000,6
Kost Ndalem Tentrem Tipe A Yogyakarta,putra,depok,jogja,1100000,6
Kost H.Prime Tipe A Depok Sleman,putri,depok,jogja,1500000,6
HomeStay Dejaboe Seturan Depok Sleman,campur,depok,jogja,4000000,6
Kost Dejaboe Depok Sleman,putri,depok,jogja,1500000,6
Kost E-Kost Colombo Depok Sleman Yogyakarta,putri,depok,jogja,1400000,4
Kost E-Kost Candi Gebang Yogyakarta,campur,ngemplak,jogja,2000000,6
Kost Exclusive Putri Rumah Puan Kr Gayam Depok Sleman,putri,depok,jogja,1550000,6
Kost Cc Tikala Depok Sleman,putra,depok,jogja,550000,2
Kost Solaris Depok Sleman,putri,depok,jogja,2200000,6
Kost Kolobendono Depok Sleman,putra,depok,jogja,550000,2
Kost Muslimah Seturan Yogyakarta,putri,depok,jogja,900000,6
Kost Jl. Seturan Raya Depok Sleman,putra,depok,jogja,670000,2
Kost Mama Dal Depok Sleman,putra,depok,jogja,450000,2
Kost Muslim Exclusive EL Medina Tipe C Depok Sleman,putra,depok,jogja,1300000,6
Kost Wisma Kembar Depok Sleman,putra,depok,jogja,750000,4
Kost Mp Boutique Depok Sleman Yogyakarta,putri,depok,jogja,2000000,6
Kost MP Boutique Depok Sleman,putri,depok,jogja,1500000,6
[FLEXI] Kost Singgahsini Ghea 2 Baciro Yogyakarta,putri,umbulharjo,jogja,1690000,2
[FLEXI] Kost Singgahsini Lovina Tipe A Umbulharjo Yogyakarta,putra,umbulharjo,jogja,1720000,6
[FLEXI] Kost Singgahsini Lovina Tipe B Umbulharjo Yogyakarta,putra,umbulharjo,jogja,1670000,6
[FLEXI] Kost Singgahsini Rafa Tipe B Umbulharjo Yogyakarta,putra,umbulharjo,jogja,1470000,6
Kost Emir Umbulharjo Yogyakarta,putri,umbulharjo,jogja,1800000,4
Kost Kasikost Syariah Standard Single Umbulharjo Yogyakarta,putri,umbulharjo,jogja,1800000,4
Kost Putri Islam Wisma Nugraha Tipe C Gondomanan Yogyakarta,putri,gondomanan,jogja,750000,2
Kost Saqueena Lempuyangan Yogyakarta,putri,gondokusuman,jogja,1600000,4
Kost Huda Tipe A  Umbulharjo Yogyakarta,putra,umbulharjo,jogja,600000,4
Kost Kanjeng Mami Muslimah Umbulharjo Yogyakarta,putri,umbulharjo,jogja,650000,6
Kost Griya Menukan Kamar Mandi Luar Mergangsan Yogyakarta,campur,mergangsan,jogja,650000,6
Kost Griya Lowanu Kamar Mandi Luar Mergangsan Yogyakarta,campur,umbulharjo,jogja,650000,6
Kost Omah Manis Taman Siswa Mergangsan Yogyakarta,putra,mergangsan,jogja,4000000,6
Kost Muslimah Lowanu Umbulharjo Yogyakarta,putri,umbulharjo,jogja,550000,0
Kost Muslim Sinergy Tipe J Umbulharjo Yogyakarta,putra,umbulharjo,jogja,900000,4
Kost Muslim Sinergy Tipe K Umbulharjo Yogyakarta,putra,umbulharjo,jogja,1200000,6
Kost Muslim Sinergy Tipe H Umbulharjo Yogyakarta,putri,umbulharjo,jogja,960000,6
Kost Syafa Tipe A Umbulharjo Yogyakarta,putri,umbulharjo,jogja,1650000,6
[FLEXI] Kost Singgahsini Pandega Duta Tipe A Jakal Yogyakarta,putra,depok,jogja,1820000,6
[FLEXI] Kost Singgahsini Griya Pastika D2 Tipe A Pogung Kidul Yogyakarta,putri,mlati,jogja,1420000,6
[FLEXI] Kost Singgahsini Griya Amira Tipe A Klebengan Yogyakarta,putri,depok,jogja,1570000,6
[FLEXI] Kost Singgahsini Kataji Tipe A Sinduadi Yogyakarta,putri,mlati,jogja,1690000,4
[FLEXI] Kost Singgahsini Griya Moerti Residence Pandega Padma Yogyakarta,putri,depok,jogja,2000000,6
[FLEXI] Kost Singgahsini Twin's House Pogung Lor Yogyakarta,putri,mlati,jogja,720000,2
[FLEXI] Kost Singgahsini Griya Amira Tipe B Klebengan Yogyakarta,putri,depok,jogja,1670000,6
[FLEXI] Kost Singgahsini Griya Moerti Balcony Pandega Padma Yogyakarta,putri,depok,jogja,1870000,6
[FLEXI] Kost Singgahsini Kataji Tipe B Sinduadi Yogyakarta,putri,mlati,jogja,1890000,4
[FLEXI] Kost Singgahsini Griya Moerti Tipe B Pandega Padma Yogyakarta,putri,depok,jogja,2120000,6
Kost E-Kost Nandan Tipe A Monjali Sleman GF,campur,ngaglik,jogja,1500000,4
Kost Nurdiono House Jakal Dekat UGM Tipe A  Condongcatur Depok Sleman Yogyakarta GF,putra,depok,jogja,1850000,4
Kost Nurdiono House Jakal Dekat UGM Tipe B Condongcatur Depok Sleman Yogyakarta GF,putra,depok,jogja,1950000,4
Kost Nurdiono House Jakal Dekat UGM Tipe C Condongcatur Depok Sleman Yogyakarta GF,putra,depok,jogja,2000000,4
Kost Griya Milenia 5B Deluxe Room Single Caturtunggal Depok Sleman Yogyakarta,putri,depok,jogja,2350000,6
Kost Griya Milenia Pogung 5A Caturtunggal Depok Sleman Yogyakarta,putri,depok,jogja,1950000,6
Kost Griya Milenia Pogung Lor Room non AC Mlati Sleman Yogyakarta,putri,mlati,jogja,950000,6
Kost Rooftop Griya Rindika Tipe B Mlati Sleman Yogyakarta,putri,mlati,jogja,1800000,4
Kost Griya Rindika Tipe A Mlati Sleman Yogyakarta,putri,mlati,jogja,1600000,4
Kost Rooftop Griya Rindika Mezzanine Tipe C Mlati Sleman Yogyakarta,putri,mlati,jogja,2400000,4
[FLEXI] Kost Singgahsini Algohome Tipe Reguler Kledokan Yogyakarta,putri,depok,jogja,1220000,4
[FLEXI] Kost Singgahsini Bae Residence Tipe A Jakal Yogyakarta,putra,depok,jogja,1600000,6
[FLEXI] Kost Singgahsini Dinda Tipe B Seturan Yogyakarta,putri,depok,jogja,1320000,6
[FLEXI] Kost Singgahsini Fans Room Kayuringin Jaya Bekasi Selatan,putri,bekasi selatan,jogja,1780000,6
[FLEXI] Kost Singgahsini Puri Husvita Tipe A Kayuringin Jaya Bekasi Selatan,putri,bekasi selatan,jogja,1846000,6
[FLEXI] Kost Griya Raphaby Tipe A Kayuringin Jaya Bekasi Selatan,putra,bekasi selatan,jogja,1020000,4
[FLEXI] Kost Griya Raphaby Tipe B Kayuringin Jaya Bekasi Selatan,putra,bekasi selatan,jogja,1220000,6
Kost Harapan Baru Regency Bekasi Selatan,putri,bekasi selatan,jogja,1600000,6
Kost De Miracle Tipe D Bekasi Selatan,putri,bekasi selatan,jogja,1600000,6
Kost De Miracle Inthecost Tipe B Bekasi Selatan,putri,bekasi selatan,jogja,1400000,6
Kost Chintia Janson Grogol Petamburan Jakarta Barat,putri,grogol petamburan,jogja,1650000,6
Kost Griya Vindo Depok Sleman,putri,depok,jogja,2000000,4
Kost Gaelio Tipe Standard BSD Anggrek Loka Tangerang Selatan,putri,serpong,jogja,1900000,4
Kost Flamboyan Kelapa Gading Jakarta Utara,campur,kelapa gading,jogja,2250000,6
Kost Cherry Guesthouse Trisakti Grogol Petamburan Jakarta Barat,putri,grogol petamburan,jogja,1800000,6
Kost Sumber Rejeki 28 Menteng Jakarta Pusat,campur,menteng,jogja,2000000,6
[FLEXI] Kost Singgahsini Fatmawati Residence Tipe A Cilandak Jakarta Selatan,campur,cilandak,jogja,2720000,6
[FLEXI] Kost Singgahsini Fatmawati Residence Tipe F Cilandak Jakarta Selatan,campur,cilandak,jogja,2270000,6
[FLEXI] Kost Singgahsini Gelong Residence 25 Tipe A Grogol Petamburan Jakarta Barat,campur,grogol petamburan,jogja,2268000,6
[FLEXI] Kost Singgahsini MnV Co-Living Tipe B Bendungan Hilir Jakarta Pusat,campur,tanah abang,jogja,2650000,6
[FLEXI] Kost Singgahsini Gelong Residence 27 Tipe A Grogol Petamburan Jakarta Barat,campur,grogol petamburan,jogja,2520000,6
[FLEXI] Kost Singgahsini Cozee Home Tipe A Cilandak Jakarta Selatan,putri,cilandak,jogja,2500000,6
[FLEXI] Kost Singgahsini Cozee Home Tipe B Cilandak Jakarta Selatan,putri,cilandak,jogja,2250000,6
[FLEXI] Kost Singgahsini Putri Maoni Tipe A Gejayan Yogyakarta,putri,depok,jogja,1520000,6
[FLEXI] Kost Singgahsini Humairah Jatinangor Sumedang,putri,jatinangor,jogja,1000000,4
[FLEXI] Kost Singgahsini Griyashanta M334-335 Tipe A Lowokwaru Malang,putri,lowokwaru,jogja,1320000,4
Kost Griya Alsis Tipe B Yogyakarta,campur,depok,jogja,2700000,6
Kost Eksklusif Keysha Sleman Yogyakarta,putri,depok,jogja,1300000,6
Kost Pak Seno Tipe A Depok Sleman,putri,depok,jogja,800000,2
Kost Pak Seno Tipe B Depok Sleman,putri,depok,jogja,1000000,2
Kost Savitri Tipe B Depok Sleman,putri,depok,jogja,1250000,6
Kost Pringgodani Stay Sleman Yogyakarta,putri,depok,jogja,1750000,6
Kost Bima Depok Sleman,putra,depok,jogja,900000,4
Kost Dwi Mulya Tipe B Depok Sleman,putri,depok,jogja,500000,4
Kost Garuni Kledokan Depok Sleman,putra,depok,jogja,450000,2
Kost Ijo 6 Depok Sleman,putra,depok,jogja,750000,2
Kost Rizqika Depok Sleman,putri,depok,jogja,750000,2
Kost Bakso Ndu Tipe A Depok Sleman,putra,depok,jogja,450000,2
Kost Almaira Depok Sleman,putri,depok,jogja,750000,4
Kost Almira House Tipe B Depok Sleman,putri,depok,jogja,1750000,6
Kost Almira House Tipe D Depok Sleman,putri,depok,jogja,2000000,6
Kost Ibu Dhani Yogyakarta,putra,depok,jogja,900000,2
Kost Santan Gang Depok Sleman,putra,depok,jogja,400000,4
Kost Muslim Pak Heru Depok Sleman,putra,depok,jogja,550000,2
Kost Putri Omah Bumidjo Tipe A Jetis Yogyakarta,putri,jetis,jogja,750000,2
Kost Fadil Tipe B Jetis Yogyakarta,putra,jetis,jogja,1000000,4
Kost Fadil Tipe A Jetis Yogyakarta,putra,jetis,jogja,700000,2
Kost Danurejan Yogyakarta,campur,danurejan,jogja,4500000,6
Kost Beskalan Gondomanan Yogyakarta,campur,gondomanan,jogja,4500000,6
Kost Jl Reksobayan Gondomanan Yogyakarta,campur,gondomanan,jogja,600000,4
Kost Fariz 2 Notoyudan Gedong Tengen Yogyakarta,putra,gedong tengen,jogja,400000,2
Kost Rumah Sahabat Jetis Yogyakarta,putri,jetis,jogja,1750000,6
Kost Malioboro Kemuning  Gedong Tengen Yogyakarta,campur,gedong tengen,jogja,600000,4
Kost Malioboro Cendana Gedong Tengen Yogyakarta,campur,gedong tengen,jogja,600000,4
Kost Ashera Jetis Yogyakarta,putri,jetis,jogja,650000,4
Kost Rene Gowongan Jetis Yogyakarta,campur,jetis,jogja,1900000,4
Kost Radyoharto Gedong Tengen Yogyakarta,campur,gedong tengen,jogja,2500000,6
Kost Orchard Guesthouse Gedong Tengen Yogyakarta,putra,gedong tengen,jogja,1500000,6
Kost White House Depok Sleman,putra,danurejan,jogja,450000,2
Paviliun Pak Oki Tipe C Gedongtengen Yogyakarta,campur,gedong tengen,jogja,4000000,4
Paviliun Pak Oki Tipe B Gedongtengen Yogyakarta,campur,gedong tengen,jogja,3500000,4
Paviliun Pak Oki Tipe A Gedongtengen Yogyakarta,campur,gedong tengen,jogja,3200000,4
Kost Pak Oki Tipe B Gedongtengen Yogyakarta,campur,gedong tengen,jogja,1300000,2
Kost Pak Oki Tipe A Gedongtengen Yogyakarta,campur,gedong tengen,jogja,1200000,2
Wisma Bu Yanti Tipe A Danurejan Yogyakarta,campur,danurejan,jogja,750000,2
Wisma Bu Yanti Tipe B Danurejan Yogyakarta,campur,danurejan,jogja,1750000,4
Wisma Bu Yanti Tipe C Danurejan Yogyakarta,campur,danurejan,jogja,2350000,4
Kost Rakhmatullah Tipe D Gondokusuman Yogyakarta,campur,gondokusuman,jogja,1100000,4
Kost Rakhmatullah Tipe E Gondokusuman Yogyakarta,campur,gondokusuman,jogja,1700000,4
Kost Rakhmatullah Tipe F Gondokusuman Yogyakarta,campur,gondokusuman,jogja,1700000,4
Kost Rakhmatullah Tipe A  Gondokusuman Yogyakarta,campur,gondokusuman,jogja,750000,2
Kost Rumah Mahyra Gedong Tengen Yogyakarta,campur,gedong tengen,jogja,2000000,6
Kost Homestay Syariah Griya Mubarok Gondomanan Yogyakarta,putri,gondomanan,jogja,750000,4
Kost Bintang Kemuning Tipe B Danurejan Yogyakarta,putri,danurejan,jogja,800000,0
Kost Putri Gowongan Kidul Jt 3 411 Jetis Yogyakarta,putri,jetis,jogja,650000,0
Kost Putri Amanah II Type 1 Danurejan Yogyakarta,putri,danurejan,jogja,1800000,6
Kost Putri Amanah Danurejan Yogyakarta,putri,danurejan,jogja,1600000,6
Kost Putri Amanah II Type 2 Danurejan Yogyakarta,putri,danurejan,jogja,2000000,6
Kost Putri Amanah II Type 4 Danurejan Yogyakarta,putri,danurejan,jogja,2300000,6
Kost Rumah Muslimah Dzakiya Danurejan Yogyakarta,putri,danurejan,jogja,1200000,4
Kost Muslimah Nuli Jetis Yogyakarta,putri,jetis,jogja,700000,4
Kost Velriyo Tipe A Danurejan Yogyakarta,putra,danurejan,jogja,300000,2
Kost Velriyo Tipe C Danurejan Yogyakarta,putra,danurejan,jogja,400000,2
Kost Velriyo Tipe D Danurejan Yogyakartw,putra,danurejan,jogja,600000,2
Kost Muslimah Griya Izzana Jetis Yogyakarta,putri,jetis,jogja,500000,2
Kost Rumah Bumijo Yogyakarta,putra,jetis,jogja,700000,2
Kost Griya Kelana Pakualaman Yogyakarta,putri,pakualaman,jogja,650000,4
Kost Melow Danurejan Yogyakarta,campur,danurejan,jogja,600000,4
Kost Malioboro Gedong Tengen Yogyakarta,campur,gedong tengen,jogja,1500000,4
Kost Laras Hati Malioboro Danurejan Yogyakarta,campur,danurejan,jogja,4500000,0
Kost Solimah Ngampilan Yogyakarta,putri,ngampilan,jogja,400000,4
Kost Nabilla Naifa Jetis Yogyakarta,putri,jetis,jogja,450000,0
Kost Omah Sumur Gondomanan Yogyakarta,campur,danurejan,jogja,3000000,2
Kost Azka Putri Muslimah Jetis Yogyakarta,putri,jetis,jogja,450000,2
Kost Bu Widi JetisYogyakarta,putri,jetis,jogja,700000,4
Kost Putri JH Gondokusuman Yogyakarta,putri,gondokusuman,jogja,750000,2
Kost Bahagia Tipe C Danurejan Yogyakarta,putri,danurejan,jogja,475000,2
Kost Ibu Ermis Danurejan Yogyakarta,putri,danurejan,jogja,750000,0
Kost Pak Amri Gondomanan Yogyakarta,putra,gondomanan,jogja,500000,4
Kost Ibu Suhartini Jetis Yogyakarta,campur,jetis,jogja,500000,0
Kost Campur Stasiun Tugu Gedong Tengen Yogyakarta,campur,gedong tengen,jogja,3000000,6
Kost Omah Qu Danurajen Yogyakarta,campur,danurejan,jogja,3250000,6
Kost Mas Krisna Gondokusuman Yogyakarta,putra,gondokusuman,jogja,450000,4
Kost Executive Residence Tugu Gedong Tengen Yogyakarta,campur,gedong tengen,jogja,2250000,6
Kost Lempuyangan Tipe B Danurejan Kota Yogyakarta,putra,danurejan,jogja,500000,2
Kost  Putri Azka Jetis Yogyakarta,putri,jetis,jogja,600000,0
Kost Manis Tipe C Gedong Tengen Yogyakarta,campur,gedong tengen,jogja,1000000,2
Kost Paviliun Pak Oki  Gedong Tengen Yogyakarta,campur,gedong tengen,jogja,3500000,2
Kost Ibu Prayit Ngampilan Yogyakarta,putri,ngampilan,jogja,500000,2
Kost Ibu Anik Tipe D Ngampilan Yogyakarta,putra,ngampilan,jogja,550000,2
Kost Ibu Anik Tipe B Ngampilan Yogyakarta,putra,ngampilan,jogja,450000,2
Kost Ibu Anik Tipe C Ngampilan Yogyakarta,putra,ngampilan,jogja,525000,2
Kost Ibu Anik Tipe A Ngampilan Yogyakarta,putra,ngampilan,jogja,350000,2
Kost Putri Pak Aris Gowongan Yogyakarta,putri,jetis,jogja,450000,0
Kost Griya Tulip Malioboro Gedong Tengen Yogyakarta,campur,gedong tengen,jogja,1600000,2
Kost Annida Kotabaru Yogyakarta,putra,gondokusuman,jogja,2000000,6
Kost Jl. KH. Ahmad Dahlan 25 Gondomanan Yogyakarta,campur,gondomanan,jogja,3300000,6
Kost Jl Mataram 8 Danurejan Yogyakarta,campur,danurejan,jogja,3300000,6
Kost Jl Mataram Pakualaman Yogyakarta,campur,pakualaman,jogja,3300000,6
Kost Jl Pringgokusuman  Gedong Tengen Yogyakarta,campur,gedong tengen,jogja,3300000,6
Kost Putri Omah Bumidjo Tipe D Jetis Yogyakarta,putri,jetis,jogja,600000,4
Kost Putri Omah Bumidjo Tipe C Jetis Yogyakarta,putri,jetis,jogja,600000,4
Kost Putri Omah Bumidjo Tipe B Jetis Yogyakarta,putri,jetis,jogja,700000,4
Kost Pondokan Dian  Ngampilan Yogyakarta,campur,gondomanan,jogja,2500000,6
Kost Boby Jetis Yogyakarta,putra,jetis,jogja,400000,2
Kost Ashera Tipe B Jetis Yogyakarta,putri,jetis,jogja,650000,4
Kost Rene Jetis Yogyakarta,campur,jetis,jogja,2900000,6
Kost Gowongan Gedong Tengen Yogyakarta,campur,gedong tengen,jogja,1800000,6
Kost Pak Oki Tipe C Gedongtengen Yogyakarta,campur,gedong tengen,jogja,2100000,4
Kost Jl. Bausasran Danurejan Yogyakarta,putri,danurejan,jogja,800000,4
Kost Putri Amanah II Type 3 Danurejan Yogyakarta,putri,danurejan,jogja,2100000,6
Kost Griya Putri Ayu Danurejan Yogyakarta,putri,danurejan,jogja,400000,0
Kost Bayangkara Ngampilan Yogyakarta,putra,ngampilan,jogja,1800000,6
Kost Velriyo Tipe B Danurejan Yogyakarta,putra,danurejan,jogja,350000,2
Kost Pak Priambodo Tipe A Jetis Yogyakarta,putri,jetis,jogja,600000,2
Kost Bahagia Tipe A Danurejan Yogyakarta,putri,danurejan,jogja,350000,2
Kost Bahagia Tipe B Danurejan Yogyakarta,putri,danurejan,jogja,450000,2
Kost Bahagia Tipe D Danurejan Yogyakarta,putri,danurejan,jogja,500000,2
Kost Hn Jl.Bausasran No.64 Danurejan Yogyakarta,putra,danurejan,jogja,800000,0
Kost Home Stay Stasiun Tugu Jogja 2 Gedong Tengen Yogyakarta,campur,gedong tengen,jogja,5000000,6
Kost Dagen Malioboro Yogyakarta,campur,gedong tengen,jogja,4050000,6
Kost Puri Seturan 46 Tipe A Caturtunggal Depok Sleman Yogyakarta,putra,depok,jogja,1000000,6
Kost Puri Seturan 46 Tipe B Caturtunggal Depok Sleman Yogyakarta,putra,depok,jogja,1500000,6
Kost Putri Zia Tipe B Condongcatur Depok Sleman Yogyakarta,putri,depok,jogja,1450000,4
Kost Puri Gading Sari Seturan Depok Sleman,putri,depok,jogja,1300000,0
Kost Zalika  Tipe C Depok Sleman,putri,depok,jogja,1000000,6
Kost Costin Tipe A Depok Sleman,putra,depok,jogja,750000,4
Kost Costin Tipe A Depok Sleman,putri,depok,jogja,1350000,4
Kost Costin Tipe C Depok Sleman,putri,depok,jogja,1700000,6
Kost Corika Depok Sleman,putra,depok,jogja,750000,2
Kost Jendral Depok Sleman,putra,depok,jogja,900000,4
Kost Casa De Amory Tipe C Seturan Condongcatur Depok Sleman Yogyakarta,putri,depok,jogja,1500000,6
Kost iKos Nologaten Tipe A Condongcatur Depok Sleman Yogyakarta,putra,depok,jogja,1300000,6
Kost Casa De Amory Tipe E Seturan Condongcatur Depok Sleman Yogyakarta,putri,depok,jogja,1400000,6
Kost Casa De Amory Tipe D Seturan Condongcatur Depok Sleman Yogyakarta,putri,depok,jogja,1500000,6
Kost Casa De Amory Tipe A Seturan Condongcatur Depok Sleman Yogyakarta,putri,depok,jogja,1300000,6
Kost Syanara Tipe A Depok Sleman,campur,depok,jogja,1200000,6
Kost Syanara Tipe C Depok Sleman,campur,depok,jogja,1500000,6
Kost Syanara Tipe D Depok Sleman,campur,depok,jogja,1750000,6
Kost Paviliun Brantas Seturan Yogyakarta,putri,depok,jogja,2500000,4
Kost Harmony Condongcatur Depok Sleman,putri,depok,jogja,1500000,6
Kost Kayla Homestay Depok Sleman Yogyakarta,putri,depok,jogja,1000000,2
Kost Pugeran Utama 35 Tipe A Maguwoharjo Depok Sleman Yogyakarta,putra,depok,jogja,400000,0
Kost Pugeran Utama 35 Tipe B Maguwoharjo Depok Sleman Yogyakarta,putra,depok,jogja,700000,0
Kost Griya Al-Kautsar Tipe B Condongcatur Depok Sleman Yogyakarta,putra,depok,jogja,1750000,4
Kost Griya Al-Kautsar Tipe C Condongcatur Depok Sleman Yogyakarta,putra,depok,jogja,1650000,4
Kost Griya Al-Kautsar Tipe A Condong Catur Depok Sleman Yogyakarta,putra,depok,jogja,1900000,4
Kost Handayani Caturtunggal Depok Sleman Yogyakarta,putri,depok,jogja,700000,4
Kost Rajawali Bu Endang Tipe A Condongcatur Depok Sleman Yogyakarta,putri,depok,jogja,400000,0
Kost Rajawali Bu Endang Tipe B Condongcatur Depok Sleman Yogyakarta,putri,depok,jogja,450000,0
Kost Mecmata House 2 Tipe A Depok Sleman,campur,depok,jogja,1500000,6
Kost Mecmata House 2 Tipe B Depok Sleman,campur,depok,jogja,1600000,6
Kost Pop Art Yudhistira Caturtunggal Depok Sleman,campur,depok,jogja,1800000,6
Kost Tamara Caturtunggal Depok Sleman,putri,depok,jogja,850000,6
Kost Griya Anggitan Tipe A Depok Sleman,putri,depok,jogja,2250000,6
Kost Griya Anggitan Tipe B Depok Sleman,putri,depok,jogja,2500000,6
Kost Griya Anggitan Tipe C Depok Sleman,putri,depok,jogja,2750000,6
Kost Grand Monica Tipe A Depok Sleman,campur,depok,jogja,1800000,6
Kost Grand Monica Tipe B Depok Sleman,campur,depok,jogja,2000000,6
Kost Grand Monica Tipe C Depok Sleman,campur,depok,jogja,2300000,6
Vivo Seturan Apartment - B9 U8 Yogyakarta,campur,depok,jogja,2800000,4
Kost The Imajo Depok Sleman,putri,depok,jogja,1299999,6
Kost Putra Seturan Yogyakarta,putra,depok,jogja,650000,4
Kost Putra Salsabiela 2 Seturan Yogyakarta,putra,depok,jogja,800000,4
Kost Putra Seturan Sleman Yogyakarta,putra,depok,jogja,650000,4
Kost Putra Salsabiela Type Deluxe Seturan Sleman Yogyakarta,putra,depok,jogja,750000,4
Kost Putra Salsabiela 2 Type Superior Seturan Sleman Yogyakarta,putra,depok,jogja,825000,4
Kost Putra Salsabiela 2 Type Standar Seturan Sleman Yogyakarta,putra,depok,jogja,650000,4
Kost Putra Salsabiela Type C Depok lLeman,putra,depok,jogja,775000,4
Kost Putra Salsabiela Type B Depok Sleman,putra,depok,jogja,875000,4
Kost Putra Salsabiela 1 Type A Seturan Depok Sleman Yogyakarta,putra,depok,jogja,600000,2
Kost Perum Yadara Puluhdadi Depok Sleman,putra,depok,jogja,550000,0
Kost Muslimah Griya Laras Depok Sleman,putri,depok,jogja,850000,4
[FLEXI] Kost Singgahsini Kanaka Allana Tipe B Sinduharjo Yogyakarta,putra,ngaglik,jogja,1270000,6
[FLEXI] Kost Singgahsini Kanaka Allana Tipe A Sinduharjo Yogyakarta,putra,ngaglik,jogja,1020000,4
[FLEXI] Kost Ravasya Tipe A Condongcatur Depok Sleman Yogyakarta GF,putri,depok,jogja,1925000,6
Kost Jasmin Lempongsari Tipe A Ngaglik Sleman,putri,ngaglik,jogja,1500000,6
Kost iKos Kaliurang UII Tipe Standard Ngaglik Sleman Yogyakarta,campur,ngaglik,jogja,1300000,6
Kost Elle Ngaglik Sleman,putri,ngaglik,jogja,1600000,4
Kost D'rez Tipe B Ngaglik Sleman Yogyakarta,putri,ngaglik,jogja,600000,4
Kost D'rez Tipe A  Ngaglik Sleman Yogyakarta,putri,ngaglik,jogja,750000,4
Kost Omah Ganesa Tipe A Ngemplak Sleman Yogyakarta,campur,ngemplak,jogja,2500000,6
Kost Omah Ganesa Tipe B Ngemplak Sleman,campur,ngemplak,jogja,2000000,6
Kost Grand Sosro Tipe C Ngaglik Sleman,campur,ngaglik,jogja,1800000,6
Kost The Damai Tipe A Ngaglik Sleman Yogyakarta,campur,ngaglik,jogja,3000000,4
Kost Hijau Bu Zum Tipe A Depok Sleman,putra,depok,jogja,950000,6
Kost Griya Suryantin Ngaglik Sleman Yogyakarta,putri,ngaglik,jogja,1500000,6
Kost Grha Difan Mlati Sleman Yogyakarta,putra,mlati,jogja,1800000,6
Kost Ravasya Tipe B Condongcatur Depok Sleman Yogyakarta,putri,depok,jogja,2300000,6
Kost Ravasya Tipe C Condongcatur Depok Sleman Yogyakarta,campur,depok,jogja,2500000,6
Kost Concat Tipe A Ngemplak Sleman,putri,ngemplak,jogja,375000,4
Kost Concat Tipe B Ngemplak Sleman Yogyakarta,putri,ngemplak,jogja,500000,4
Kost Jasmin Lempongsari Tipe C Ngaglik Sleman,putri,ngaglik,jogja,1700000,6
Kost Jasmin Lempongsari Tipe D Ngaglik Sleman,putri,ngaglik,jogja,2000000,6
Kost Jasmin Lempongsari Tipe B Ngaglik Sleman,putri,ngaglik,jogja,1600000,6
Kost Alma House Ngaglik Sleman,putri,ngaglik,jogja,1000000,6
Kost Ethes Exclusive Ngemplak Sleman,putri,ngemplak,jogja,1400000,4
Kost Homestay KK Deluxe Double Ngaglik Sleman,putri,depok,jogja,1600000,4
Kost Homestay KK Deluxe Single Ngaglik Sleman,putri,depok,jogja,1400000,4
Kost 2 Sodara Depok Sleman,putra,depok,jogja,1400000,6
Kost iKos Nusa Indah Tipe A Condongcatur Depok Sleman  Yogyakarta,campur,ngemplak,jogja,1500000,6
"Kost Sari I Tipe A Jakal KM 6,5 Kentungan Mlati Sleman Yogyakarta",putri,mlati,jogja,800000,4
Kost Leeren Executive Stay Tipe B Ngaglik Sleman,campur,ngaglik,jogja,1500000,6
Kost Leeren Executive Stay Tipe A Ngaglik Sleman,campur,ngaglik,jogja,2000000,6
Kost Bu Wardi Bangunan B Ngemplak Sleman,putra,ngemplak,jogja,650000,4
Kost Bu Wardi Bangunan C Ngemplak Sleman,putra,ngemplak,jogja,650000,4
Kost Bu Wardi Ngemplak Sleman,putra,ngemplak,jogja,650000,4
Kost Riana Exclusive Ngaglik Sleman,putri,ngaglik,jogja,1500000,6
Kost Putri Rajawali Sleman Yogyakarta,putri,ngaglik,jogja,700000,2
Kost Lembayung Ngaglik Sleman,putri,ngaglik,jogja,1500000,6
Kost Omah Ayu Mendiro Ngaglik Sleman Yogyakarta,putri,ngaglik,jogja,2200000,6
Kost Dinda CandiGebang Tipe A Condongcatur Depok Sleman Yogyakarta,campur,depok,jogja,1400000,6
Kost Wisma Nandya Ngaglik Sleman,putri,ngaglik,jogja,1200000,4
Kost Rumah KK Ngaglik Sleman Yogyakarta,putri,ngaglik,jogja,500000,4
Kost Kentungan Ceria Condongcatur Depok Sleman,putri,depok,jogja,500000,2
Kost Kaka Tipe A Ngaglik Sleman Yogyakarta,putra,depok,jogja,1200000,4
Kost Kaka Tipe C Ngaglik Sleman Yogyakarta,putri,depok,jogja,1500000,4
Kost El Baik Eksklusif Syariah Tipe 1 Ngaglik Sleman,campur,ngaglik,jogja,900000,4
Kost El Baik Eksklusif Syariah Tipe B Ngaglik Sleman,putri,ngaglik,jogja,1000000,4
Kost El Baik Eksklusif Syariah Tipe C Ngaglik Sleman,campur,ngaglik,jogja,1100000,6
Kost Griya Adhi Ngemplak Sleman,putra,ngemplak,jogja,550000,4
Kost Antrasite Tipe B Ngaglik Sleman,putra,ngaglik,jogja,800000,4
Kost Kotak House Tipe A Condongcatur Depok Sleman Yogyakarta,putri,depok,jogja,600000,0
Kost Griya Ardafa Tipe Dormitory Yogyakarta,putra,depok,jogja,700000,6
Kost Putri Mataram Jaya Tipe A Depok Sleman,putri,depok,jogja,750000,6
Kost Kusuma Banteng Depok Sleman,putri,depok,jogja,1150000,4
Kost Annafi Apartel Ngaglik Sleman,putra,ngaglik,jogja,1300000,6
Kost Raihan Ngaglik Sleman,putra,ngaglik,jogja,300000,0
Kost Latansa Ngemplak Sleman,putra,ngemplak,jogja,600000,6
Kost Syar'i Dayu Permai B51 Ngaglik Sleman,putri,ngaglik,jogja,700000,2
Kost Star Private Depok Sleman,putri,depok,jogja,350000,0
Kost Idjo Tipe A Depok Sleman,putra,depok,jogja,750000,4
Kost Teletubbies Tipe A Ngemplak Sleman,putra,ngemplak,jogja,550000,0
Kost Teletubbies Tipe D Ngemplak Sleman,putra,ngemplak,jogja,700000,2
Kost Teletubbies Tipe B Ngemplak Sleman,putra,ngemplak,jogja,600000,2
Kost Teletubbies Tipe C Ngemplak Sleman,putra,ngemplak,jogja,650000,0
Kost Ibu Siti Wonorejo Ngaglik Sleman Yogyakarta,putra,ngaglik,jogja,350000,0
Kost Pak Andre Sariharjo Ngaglik Sleman Yogyakarta,campur,ngaglik,jogja,650000,4
Kost Putri Ekslusif Sarah Ngaglik Sleman,putri,ngaglik,jogja,1600000,6
Kost D'Bougenville Tipe A Mlati Sleman,putri,mlati,jogja,2000000,6
Kost Omah Anggajaya Depok Sleman,campur,depok,jogja,750000,2
Kost D'Rosella Tipe B Mlati Sleman Yogyakarta,campur,ngaglik,jogja,2000000,4
Kost Mackahaus Depok Sleman,putri,mlati,jogja,2500000,4
Kost  AL-Fazza Sidoarum Godean Sleman,putra,godean,jogja,750000,4
Kost Kiki  Tipe A Godean Sleman,putra,godean,jogja,500000,4
Kost Kiki  Tipe B Godean Sleman,putra,godean,jogja,1000000,2
Kost Adit Tipe A Godean Sleman,campur,godean,jogja,510000,4
Kost Adit Tipe B Godean Sleman,campur,godean,jogja,600000,4
Kost Fika Putera Godean Sleman,putri,godean,jogja,600000,4
Kost Az Zahra Godean Sleman,putri,godean,jogja,400000,0
Kost Merak Godean Yogyakarta,putri,godean,jogja,400000,2
Kost Dhiajeng Eksklusif Tipe B Banjarsari Surakarta,putri,banjarsari,jogja,1050000,6
Kost Pelangi Tipe A Banjarsari Surakarta,campur,banjarsari,jogja,1500000,6
Kost Pelangi Banjarsari Surakarta,campur,banjarsari,jogja,850000,6
Kost Sarasvati Tipe C Banjarsari Surakarta,putri,banjarsari,jogja,1200000,6
[FLEXI] Kost Singgahsini Algohome Tipe Premium Kledokan Yogyakarta,putri,depok,jogja,1670000,6
[FLEXI] Kost Singgahsini Algohome Tipe VIP Kledokan Yogyakarta,putri,depok,jogja,1920000,6
[FLEXI] Kost Singgahsini Omah Khiar Tipe B Depok Yogyakarta,putri,depok,jogja,1170000,4
[FLEXI] Kost Singgahsini Omah Khiar Tipe C Depok Yogyakarta,putri,depok,jogja,1270000,4
[FLEXI] Kost Singgahsini Omah Khiar Tipe D Depok Yogyakarta,putri,depok,jogja,1370000,4
[FLEXI] Kost Singgahsini Omah Khiar Tipe E Depok Yogyakarta,putri,depok,jogja,1470000,4
[FLEXI] Kost Singgahsini Rahayu Tipe A4 Condongcatur Yogyakarta,putri,depok,jogja,920000,4
[FLEXI] Kost Singgahsini My Home Casa Grande Tipe Residence Maguwoharjo Yogyakarta,putri,depok,jogja,1720000,4
[FLEXI] Kost Singgahsini My Home Casa Grande Tipe Eksklusif Plus Maguwoharjo Yogyakarta,putri,depok,jogja,1420000,4
[FLEXI] Kost Singgahsini Rumah Eyang Tipe A Gejayan Yogyakarta,putri,depok,jogja,1298000,4
[FLEXI] Kost Singgahsini Kurnia Gejayan Yogyakarta,putri,depok,jogja,980000,6
[FLEXI] Kost Singgahsini Algohome Tipe Premium Plus Kledokan Yogyakarta,putri,depok,jogja,1900000,6
[FLEXI] Kost Rajawali Bu Endang Tipe C Condongcatur Depok Sleman Yogyakarta GF,putri,depok,jogja,600000,2
"Kost Exclusive Roemah Djogja-1 di  Nologaten, Dekat Mall Ambarukmo, Mall Hartono, Seturan Babarsari GF",campur,depok,jogja,2350000,6
Kost UGM UNY Dahlia Caturtunggal Depok Sleman Yogyakarta,putri,depok,jogja,2000000,6
Paviliun Bella Luna Maguwoharjo Yogyakarta,putri,depok,jogja,3500000,2
Kost Exclusive Teras Merapi Tipe A Condongcatur Depok Sleman Yogyakarta,putri,depok,jogja,2000000,6
Kost Casa De Calestine Tipe A Seturan Depok Sleman Yogyakarta,putri,depok,jogja,1500000,6
Kost Nirvana Inn Syariah 1 Tipe A Depok Sleman,campur,depok,jogja,1499000,6
Kost Nirvana Inn Syariah 1 UGM Tipe B Condongcatur Depok Sleman,campur,depok,jogja,1599000,6
Kost Nirvana Inn Syariah 2 UGM Tipe A Condongcatur Depok Sleman Yogyakarta,campur,depok,jogja,1499000,6
Kost Nirvana Inn Syariah 2 UGM Tipe B Condongcatur Depok Sleman Yogyakarta,campur,depok,jogja,1599000,6
Kost Nirvana Inn Syariah 2 UGM  Tipe C Condongcatur Depok Sleman Yogyakarta,campur,depok,jogja,1699000,6
Kost Nirvana Inn Syariah Tipe C Depok Sleman,campur,depok,jogja,1699000,6
Kost Griya Jagadhita Caturtunggal Depok Sleman Yogyakarta,putra,depok,jogja,1600000,6
Kost Bella Luna Maguwoharjo Depok Sleman Yogyakarta,putri,depok,jogja,1750000,4
Kost Putri Dahlia Tipe B Condongcatur Depok Sleman Yogyakarta,putri,depok,jogja,1700000,6
Kost Putri Dahlia Tipe A Condongcatur Depok Sleman Yogyakarta,putri,depok,jogja,1500000,6
Kost Nangka Resident Tipe A Kosongan  Maguwoharjo Depok Sleman Yogyakarta,putra,depok,jogja,750000,6
Kost Nangka Resident Tipe C Maguwoharjo Depok Sleman,putra,depok,jogja,1400000,6
Kost Nangka Resident Tipe B Maguwoharjo Depok Sleman Yogyakarta,putra,depok,jogja,1058000,6
Kost Pondok Trio Tipe C Depok Sleman,putri,depok,jogja,600000,4
Kost Pondok Trio Tipe B Depok Sleman,putri,depok,jogja,500000,4
Kost Sanata I Tipe A Depok Sleman,putri,depok,jogja,600000,4
Kost AMD Selokan Mataram Condongcatur Depok Sleman Yogyakarta,campur,depok,jogja,750000,4
Kost Putri Kania Tipe B Ngaglik Sleman Yogyakarta,putri,ngaglik,jogja,2000000,6
Kost Salsaura Tipe B Maguwoharjo Depok Sleman Yogyakarta,putri,depok,jogja,1000000,4
Kost Salsaura Tipe A Maguwoharjo Depok Sleman Yogyakarta,putri,depok,jogja,750000,6
Kost Green Belt Tipe A Ngemplak Sleman Yogyakarta,campur,ngemplak,jogja,2500000,6
Kost Green Belt Tipe B Ngemplak Sleman Yogyakarta,campur,ngemplak,jogja,3300000,6
Kost Paviliun Celestine Seturan Depok Sleman,campur,depok,jogja,2750000,6
Kost Kimbik Putri Eksklusif Tipe D Pakualaman Yogyakarta,putri,pakualaman,jogja,2500000,4
Kost Kimbik's Putri Eksklusif Tipe B Pakualaman Yogyakarta,putri,pakualaman,jogja,1750000,4
Kost Muslimah Dekat SGM Tipe B Umbulharjo Yogyakarta,putri,umbulharjo,jogja,500000,0
Kost Putri Muslim Amanah Umbulharjo Yogyakarta,putri,umbulharjo,jogja,500000,0
Kost Muslimah 2A Umbulharjo Yogyakarta,putri,umbulharjo,jogja,800000,4
Kost Rumah 566 Han ei Mergangsan Yogyakarta,putri,mergangsan,jogja,5000000,4
Kost  Exclusive Rumah 566 Mergangsan Yogyakarta,putri,mergangsan,jogja,3500000,4
Kost Jl Celeban 519 Umbulharjo Yogyakarta,putri,umbulharjo,jogja,500000,4
Kost Islam Bu Bagyo Umbulharjo Yogyakarta,putri,umbulharjo,jogja,550000,2
Kost Putri Rumi Umbulharjo Yogyakarta,putri,umbulharjo,jogja,750000,4
Kost Bu Ika Umbulharjo Yogyakarta,putra,umbulharjo,jogja,400000,0
Kost Omah MbahTi Umbulharjo Yogyakarta,putri,umbulharjo,jogja,750001,6
Kost Wiro Seno Umbulharjo Yogyakarta,putri,umbulharjo,jogja,500000,2
Kost Putri Kendedes Umbulharjo Yogyakarta,putri,umbulharjo,jogja,850000,4
Kost Arika Tipe A Umbulharjo Yogyakarta,putri,umbulharjo,jogja,800000,4
Kost Raisa Tipe C Sukajadi Bandung,campur,sukajadi,bandung,900000,4
Kost Peppy Dewi Sartika Bandung,putri,regol,bandung,500000,2
Kost Wanita Pandu Dalam Cicendo Bandung,putri,cicendo,bandung,500000,0
Kost Balebat Taman Sari Bandung,putra,bandung wetan,bandung,1000000,2
Kost Green House 78 Tipe B Coblong Bandung,putra,coblong,bandung,900000,4
Kost Jl Lengkong Kecil Bandung,campur,lengkong,bandung,800000,6
Kost Orange House Coblong Bandung,campur,coblong,bandung,900000,6
Kost Ibu Hely Cicendo Bandung,campur,cicendo,bandung,750000,4
Kost Putri Andriyanti Bandung,putri,regol,bandung,650000,2
Kost Ibu Ike Pungkur Regol Bandung,campur,regol,bandung,850000,4
Kost Arimbi Regol Bandung,campur,regol,bandung,1250000,2
Kost Auliya Regol Bandung,campur,regol,bandung,1600000,6
Kost Auliya Tipe A Regol Bandung,campur,regol,bandung,1000000,4
Kost Elise Tipe A Bandung Wetan,putri,bandung wetan,bandung,900000,4
Kost 67 Paledang Lengkong Bandung,putri,lengkong,bandung,1000000,6
Kost Melkid Abc Lengkong Bandung,putri,lengkong,bandung,1000000,4
Kost Ahmad 4 No 6 Cicendo Bandung,campur,cicendo,bandung,625000,2
Kost She House Gatsu Kiaracondong Bandung,putra,kiaracondong,bandung,500000,4
Kost Studiomels Putri Antapani Bandung,putri,antapani,bandung,500000,2
Kost Cibodas Raya Tipe A Antapani Bandung,campur,antapani,bandung,900000,4
Kost Gempol Cibeunying Kidul Bandung,campur,cibeunying kidul,bandung,500000,2
Kost Banjar Laksana Antapani Bandung,campur,antapani,bandung,1000000,2
Kost Kinclong Antapani Bandung,putri,antapani,bandung,600000,0
Kost Pondok 66 Kiaracondong Bandung,campur,kiaracondong,bandung,800000,6
Kost Umiabu Kiaracondong Bandung,campur,kiaracondong,bandung,500000,4
Kost Ibu Tina Kiaracondong Bandung,campur,kiaracondong,bandung,700000,4
Kost RinaH Tipe A Antapani Bandung,campur,antapani,bandung,650000,2
Kost Panjalu Kiaracondong Bandung,putri,kiaracondong,bandung,400000,0
Kost Butika Antapani Bandung,campur,antapani,bandung,800000,2
Kost Family 261 Kiaracondong Bandung,campur,kiaracondong,bandung,650000,2
Kost Yoel Valentino Antapani Bandung,campur,antapani,bandung,650000,6
Kost Pak Ahmad Kiaracondong Bandung,putri,kiaracondong,bandung,650000,4
Kost Bu Suyati  Antapani Bandung,campur,antapani,bandung,800000,4
[FLEXI] Kost Singgahsini Griya Kaum Residence Tipe B Sukajadi Bandung,campur,sukajadi,bandung,1520000,6
[FLEXI] Kost Singgahsini Griya Kaum Residence Tipe A Sukajadi Bandung,campur,sukajadi,bandung,1420000,6
[FLEXI] Kost Singgahsini Griya Kaum Residence Tipe C Sukajadi Bandung,campur,sukajadi,bandung,1890000,6
[FLEXI] Kost Singgahsini Griya Kaum Residence Tipe E Sukajadi Bandung,campur,sukajadi,bandung,1920000,6
[FLEXI] Kost Singgahsini Griya Kaum Residence Plus Tipe B Sukajadi Bandung,campur,sukajadi,bandung,2320000,6
Kost  Eya & Eza Tipe E Bandung Wetan,campur,bandung wetan,bandung,1100000,4
Kost Jalan Maulana Yusuf 2 Bandung Wetan,putra,bandung wetan,bandung,1650000,2
Kost Kebon Bibit 15 Tipe B Bandung Wetan Bandung,putri,bandung wetan,bandung,800000,6
Kost Pelesiran 56/57 Tipe A Coblong Bandung,putra,coblong,bandung,750000,4
Kost Pelesiran 53 Coblong Bandung,putri,bandung wetan,bandung,1000000,4
Kost Taman Tipe C Sukajadi Bandung,campur,sukajadi,bandung,1500000,2
Kost Taman Tipe D Sukajadi Bandung,campur,sukajadi,bandung,1800000,2
Kost Taman Tipe A Sukajadi Bandung,campur,sukajadi,bandung,1300000,4
Kost Wastu Tipe A Bandung Wetan,campur,bandung wetan,bandung,750000,4
Kost Wastu Tipe C Bandung Wetan,campur,bandung wetan,bandung,900000,4
Kost Eksklusif Puri Almada Puri Indah Jatinangor Sumedang,putra,jatinangor,bandung,850000,6
Kost Wisma Sejahtera Putri Jatinangor Sumedang,putri,jatinangor,bandung,1420000,4
Kost Wisma Beriman Putra Jatinangor Sumedang,putra,jatinangor,bandung,1250000,4
Kost Wisma Beriman Jatinangor Sumedang,campur,jatinangor,bandung,1250000,4
Kost Casa Mia Exclusive Jatinangor Sumedang,campur,jatinangor,bandung,2500000,4
Kost Puri Paramita Jatinangor Bandung,putri,jatinangor,bandung,950000,4
Kost Satu Jatinangor Sumedang Bandung,putra,jatinangor,bandung,500000,4
Kost Wisma Titian Jatinangor Sumedang,putri,jatinangor,bandung,1750000,6
Kost Pak Dian Tipe C Sukasari Bandung,putri,sukasari,bandung,950000,6
Kost Budiasih Tipe A Sukasari Bandung,campur,sukasari,bandung,700000,4
Kost Budiasih Tipe B Sukasari Bandung,campur,sukasari,bandung,850000,4
Kost Budiasih Tipe C Sukasari Bandung,campur,sukasari,bandung,950000,4
Kost Earth Sukasari Bandung,campur,sukasari,bandung,800000,0
Kost Murah Ganesha Sukajadi Bandung,campur,sukajadi,bandung,1800000,2
Kost ibu Oneng Tipe A Sukasari Bandung,putri,sukasari,bandung,650000,2
Kost Ibu Riris Sukasari Bandung,putri,sukasari,bandung,650000,2
Kost ibu Oneng Tipe B Sukasari Bandung,putri,sukasari,bandung,900000,2
Kost Bp Iden Tipe A Sukasari Bandung,campur,sukasari,bandung,450000,2
Kost Bp Iden Tipe B Sukasari Bandung,campur,sukasari,bandung,500000,2
Kost Bp Iden Tipe C Sukasari Bandung,campur,sukasari,bandung,600000,4
Kost Cipedes 227 Sukasari Bandung,putri,sukasari,bandung,500000,4
Kost 77 Sukasari Bandung,campur,sukasari,bandung,800000,2
Kost Dekat PVJ Sukajadi Bandung,campur,sukajadi,bandung,600000,4
Kost Ibu Tobing Sukasari Bandung,campur,sukasari,bandung,700000,2
Kost Budiluhur 4 Tipe A Sukasari Bandung,campur,sukasari,bandung,850000,2
Kost Pak Salman Sukajadi Bandung,campur,sukajadi,bandung,600000,4
Kost Assyifa Sukasari Bandung,putra,sukasari,bandung,1500000,2
Kost Bungur 33 Sukajadi Bandung,campur,sukajadi,bandung,700000,0
Kost Bu Sri Tipe C Cibeunying Kidul Bandung,putri,cibeunying kidul,bandung,850000,6
Kost Bu Sri Tipe B Cibeunying Kidul Bandung,putri,cibeunying kidul,bandung,800000,6
Kost Bekalivron 18 Tipe B Cibeunying Kidul Bandung,campur,cibeunying kidul,bandung,1000000,6
Kost Bekalivron 18 Tipe C Cibeunying Kidul Bandung,campur,cibeunying kidul,bandung,1200000,6
Kost Al Huda Muslimah III Cibeunying Kidul Bandung,putri,cibeunying kidul,bandung,700000,4
Kost Al Huda Muslimah II Tipe C Cibeunying Kidul Bandung,putri,cibeunying kidul,bandung,750000,4
Kost Al Huda Muslimah I Tipe A Cibeunying Kidul Bandung,putri,cibeunying kidul,bandung,700000,4
Kost No 73 Tipe B Cibeunying Kaler Bandung,campur,cibeunying kaler,bandung,1200000,6
Kost No 73 Tipe A Cibeunying Kaler Bandung,campur,cibeunying kaler,bandung,1000000,4
Kost Ibu Yunita Type A Cibeunying Kidul Bandung,putri,cibeunying kidul,bandung,750000,4
Kost Tenda Biru Tipe B Cibeunying Kaler Bandung,campur,cibeunying kaler,bandung,800000,6
Kost Tenda Biru Tipe A Cibeunying Kaler Bandung,campur,cibeunying kaler,bandung,600000,6
Kost Kantin Elroz Sekeloa Coblong Bandung,campur,coblong,bandung,600000,4
Kost Pondok Eros Coblong Bandung,campur,coblong,bandung,850000,6
Kost Wisma salsabila Coblong Bandung,putri,coblong,bandung,750000,4
Kost Ern's Coblong Bandung,campur,coblong,bandung,1500000,4
Kost Nijisi House Tipe B Coblong Bandung,putri,coblong,bandung,1650000,2
Kost Nijisi House Tipe A Coblong Bandung,putri,coblong,bandung,1550000,2
Kost Muslimah Coblong Bandung,putri,coblong,bandung,1100000,6
Kost Muslim Maddina House Dago Coblong Bandung,putra,coblong,bandung,400000,2
Kost Tubiz Coblong Bandung,putri,coblong,bandung,1150000,6
Kost Cahaya Rahayu Coblong Bandung,campur,coblong,bandung,1200000,2
Kost Eksklusif Assakinah Tubagus Ismail Coblong Bandung,putri,coblong,bandung,1500000,6
Kost Dago Asri Coblong Bandung,putra,coblong,bandung,2300000,6
Kost Farmakologi Tipe A Cibeunying Kaler Bandung,campur,cibeunying kaler,bandung,800000,4
Kost Deeva Coblong Dago Bandung,putri,coblong,bandung,1600000,4
Kost Rumah Aca Coblong Bandung,campur,coblong,bandung,3000000,0
Kost Rasya Dago Bandung,campur,coblong,bandung,460000,4
Kost Abi Ir H Djuanda Gang Wardia No 26 Coblong Bandung,putri,coblong,bandung,1300000,4
Kost Pondok Habibie Coblong Bandung,putri,coblong,bandung,750000,2
Kost Sanggar Huni Buahbatu Bandung,putri,buahbatu,bandung,700000,2
Kost Harmony House Buahbatu Bandung,campur,buahbatu,bandung,1550000,4
Kost Exclusive Jl Soekarno - Hatta  Bandung,campur,buahbatu,bandung,3500000,2
Kost Bumi Kiara Kiaracondong Bandung,campur,kiaracondong,bandung,500000,2
Kost Papangungan Kiaracondong Bandung,campur,kiaracondong,bandung,350000,2
Kost Karyawan Kawaluyaan Buahbatu Bandung,putra,buahbatu,bandung,1500000,2
Kost Rumahku Tipe A Buahbatu Bandung,campur,buahbatu,bandung,1600000,6
Kost Rumahku Tipe D Buahbatu Bandung,campur,buahbatu,bandung,2150000,4
Kost Rumahku Tipe B Buahbatu Bandung,campur,buahbatu,bandung,1800000,6
Kost Maleka Home Tipe A Buah Batu Bandung,campur,buahbatu,bandung,750000,0
Kost Kamal Buahbatu Bandung,campur,buahbatu,bandung,400000,2
Kost Bu Iin Tipe A Lengkong Bandung,putri,lengkong,bandung,600000,2
Kost Bu Iin Tipe B Lengkong Bandung,putri,lengkong,bandung,700000,2
Kost Kelinci 11 Tipe A Lengkong Bandung,campur,lengkong,bandung,850000,6
Kost Kalista Astanaanyar Bandung,campur,astanaanyar,bandung,800000,2
Kost Eksklusif Pondok Kayu Agung Buah Batu Bandung,campur,lengkong,bandung,2500000,6
Kost Ibu Lilis Pamagersari Tipe A Regol Bandung,putri,regol,bandung,500000,2
Kost Ibu Upi Tipe B Lengkong Bandung,campur,lengkong,bandung,900000,6
Kost  Karyawan Putra Pasir Salam Tipe B Regol Bandung,putra,regol,bandung,750000,2
Kost Pondok Hijau Tegallega Bandung,putri,astanaanyar,bandung,650000,2
Kost Ibu Nenden Tipe B Bangbayang Coblong Bandung,campur,coblong,bandung,1500000,4
Kost Dani Sukajadi Bandung,campur,sukajadi,bandung,3000000,4
Kost Bakti Tipe A 3 Sukajadi Bandung,campur,sukajadi,bandung,1100000,6
Kost Waspada 3 Sukajadi Bandung,campur,sukajadi,bandung,2400000,6
Kost Green House Bandung,putra,coblong,bandung,850000,4
Kost 28 Cicendo Tipe B Cicendo Bandung,campur,cicendo,bandung,700000,2
Kost 28 Cicendo Tipe A Cicendo Bandung,campur,cicendo,bandung,700000,4
Kost Pondok Mangga Sukajadi Bandung,campur,sukajadi,bandung,600000,4
Kost Andri Sukasari Bandung,campur,sukasari,bandung,850000,6
Kost Moal Pundung Sukajadi Bandung,putra,sukajadi,bandung,600000,4
Kost CST 9 Dago Bandung,putra,coblong,bandung,750000,4
Kost Ganesha Surya Sumantri Sarijadi Sukajadi Bandung,campur,sukajadi,bandung,950000,4
Kost Rengganis 1B Pav Coblong Bandung,putri,coblong,bandung,2000000,6
Kost Exclusive Sarijadi 93 Sukasari Bandung,putri,sukasari,bandung,1500000,4
Kost Gloria Ecorooms Tipe A-1 Sukajadi Bandung,campur,sukajadi,bandung,1200000,4
Kost Pondok Mangga Mini Sukajadi Bandung,campur,sukajadi,bandung,500000,6
Kost Gloria Ecorooms Tipe C Sukajadi Bandung,campur,sukajadi,bandung,750000,0
Kost Bu Imas Tipe B Sukajadi Bandung,campur,sukajadi,bandung,500000,0
Kost Rumah Bu Imas Sukajadi Bandung,campur,sukajadi,bandung,700000,4
Kost Gemilang Tipe B Regol Bandung,campur,regol,bandung,700000,6
Kost Ratuyeni  Tipe B Astanaanyar Bandung,campur,astanaanyar,bandung,650000,0
Kost Ratuyeni Pelindung Hewan Astanaanyar Bandung,campur,astanaanyar,bandung,850000,2
Kost Doni Leuwipanjang Bojongloa Kidul Bandung,campur,bojongloa kidul,bandung,750000,4
Kost Pondok Bunda Tipe A Bojongloa Kidul Bandung,campur,bojongloa kidul,bandung,700000,6
Kost Karang Rereuh Regol Bandung,campur,regol,bandung,1800000,6
Kost Bapak Franz Babakan Ciparay Bandung,campur,babakan ciparay,bandung,600000,4
Kost Sheza Regol Bandung,putri,regol,bandung,800000,6
Kost Pa Anas Astana Anyar Bandung,campur,astanaanyar,bandung,600000,2
Kost Grutty Garsel Cibaduyut Bandung,campur,bojongloa kidul,bandung,380000,2
Kost P15 Bojongloa Kidul Bandung,putri,bojongloa kidul,bandung,700000,2
Kost Pak H Didi II Tipe B Babakan Ciparay Bandung,campur,babakan ciparay,bandung,650000,6
Kost Pak H Didi II Tipe A Babakan Ciparay Bandung,campur,babakan ciparay,bandung,550000,6
Kost Pondok Cola Babakan Ciparay Bandung,putri,babakan ciparay,bandung,2500000,2
KOST JIREH Tipe B Bojongloa Kidul Bandung,campur,bojongloa kidul,bandung,750000,6
Kost Ohana Eksklusif Tipe E Semarang Tengah,putri,semarang tengah,semarang,850000,4
Kost Sadewa 5 Semarang Tengah,putra,semarang tengah,semarang,550000,2
Kost Adama Rejosari Semarang,putra,semarang timur,semarang,550000,4
Kost Via Semarang Tengah,putri,semarang tengah,semarang,800000,6
Kost Cita Tipe A Semarang Tengah,putri,semarang tengah,semarang,550000,4
Kost Cita Tipe D Semarang Tengah,putri,semarang tengah,semarang,750000,4
Kost Cita Tipe E Semarang Tengah,putri,semarang tengah,semarang,800000,6
Kost Putri 68 51 Tipe C Semarang Tengah,putri,semarang tengah,semarang,650000,0
Kost Seven Days Tipe B Semarang Utara,putri,semarang utara,semarang,1500000,2
Kost  Semarang Tengah Kota,campur,semarang tengah,semarang,600000,0
Kost Andita Semarang Utara,putri,semarang utara,semarang,550000,4
Kost Megumi Semarang Utara,putri,semarang utara,semarang,600000,4
Kost Elite 471 Tipe B Semarang Tengah,putri,semarang tengah,semarang,600000,2
Kost Elite 471 Tipe C Semarang Tengah,putri,semarang tengah,semarang,1300000,4
Kost Rumah Wotgandul 92F Semarang,campur,semarang tengah,semarang,1200000,2
Kost Amarantha Boarding House Semarang Timur,putri,semarang timur,semarang,700000,6
Kost Bu dian Tipe B Semarang Utara,campur,semarang utara,semarang,500000,0
Kost Bu Dian Tipe A Semarang Utara,campur,semarang utara,semarang,400000,0
Kost Ibu Cynthia Pedurungan Semarang,putra,pedurungan,semarang,400000,4
Kost Eksklusif Orenz House Semarang,campur,pedurungan,semarang,1100000,6
Kost Jeruk Timur II/1 Semarang Selatan,campur,semarang selatan,semarang,1100000,6
Kost Putri Bu Siti Pedurungan Semarang,putri,pedurungan,semarang,800000,2
Kost Rumah SB77 Semarang Selatan,campur,semarang selatan,semarang,1500000,4
Kost Puri Classic Pedurungan Semarang,campur,pedurungan,semarang,800000,0
Kost Lamper Tengah Tipe B Semarang Selatan,putra,semarang selatan,semarang,500000,2
Kost Kimar III Tipe C Gayamsari Semarang,campur,gayamsari,semarang,1400000,2
Kost Kimar III Tipe B Gayamsari Semarang,campur,gayamsari,semarang,1400000,0
Kost Olieana Resident Pedurungan Semarang,campur,pedurungan,semarang,1500000,6
Kost Griya Adidas Tipe A Pedurungan Semarang,campur,pedurungan,semarang,600000,2
Kost Griya Adidas Tipe B Pedurungan Semarang,campur,pedurungan,semarang,650000,4
Kost Griya Adidas Tipe D Pedurungan Semarang,campur,pedurungan,semarang,950000,4
Kost Griya Adidas Tipe E Pedurungan Semarang,campur,pedurungan,semarang,1100000,4
Kost Griya Adidas Tipe F Pedurungan Semarang,campur,pedurungan,semarang,1100000,4
Kost Sky Pedurungan Semarang,campur,pedurungan,semarang,700000,4
Kost Sky Tipe 2 Pedurungan Semarang,campur,pedurungan,semarang,500000,2
Kost Irawan Semarang Selatan,putri,semarang selatan,semarang,400000,2
Kost Bu Mujib Gayamsari Semarang,putri,gayamsari,semarang,450000,2
Kost Wolter Monginsidi Tipe A Genuk Semarang,putra,genuk,semarang,600000,2
Kost Wolter Monginsidi Tipe B Genuk Semarang,putra,genuk,semarang,450000,2
Kost Raharjo Genuk Semarang,putri,genuk,semarang,663000,6
Kost Genuk Indah F785 Genuk Semarang,putri,genuk,semarang,500000,4
Kost Genuk Indah Tipe A Genuk Semarang,putri,genuk,semarang,750000,6
Kost Genuk Indah Tipe B Semarang,campur,genuk,semarang,1050000,4
Kost Ngablak Indah Genuk Semarang,putra,genuk,semarang,400000,2
Kost Mahasiswi Unisula Genuk Semarang,putri,genuk,semarang,350000,2
Kost Ria Jw Tipe A Genuk Semarang,putri,genuk,semarang,550000,4
Kost Eyang Uti Genuk Semarang,campur,genuk,semarang,1300000,4
Kost Double D Tipe A Genuk Semarang,putri,genuk,semarang,500000,4
Kost Double D Tipe B Genuk Semarang,putri,genuk,semarang,550000,4
Kost Griya Rotussia Tipe A Genuk Semarang,putri,genuk,semarang,950000,6
Kost Griya Rotussia Tipe B Genuk Semarang,putri,genuk,semarang,900000,6
Kost Griya Rotussia Tipe C Genuk Semarang,putri,genuk,semarang,750000,6
Kost Avi Genuk Semarang,putri,genuk,semarang,1250000,6
Kost Bugen Genuk Semarang,putri,genuk,semarang,500000,0
Kost Griya Albylla Genuk Semarang,putri,genuk,semarang,1200000,6
Kost Agus Salim Semarang Tengah Semarang,putri,semarang tengah,semarang,1500000,4
Kost Anugerah Jl Citarum Tengah No 1 Tipe C Semarang,putri,semarang timur,semarang,1200000,4
Kost Altaf Putra Tipe A Purwosari Rejosari Semarang Timur,campur,semarang timur,semarang,1000000,6
Kost Anugerah Jl Citarum Tengah No 1 Tipe A Semarang,putri,semarang timur,semarang,750000,2
Kost Anugerah Jl Citarum Tengah No 1 Tipe B Semarang,putri,semarang timur,semarang,850000,4
Kost Pantes Kota Lama Semarang Tengah,campur,semarang tengah,semarang,2499000,6
Kost Pantes Semawis Semarang Tengah Semarang,campur,semarang tengah,semarang,3750000,6
Kost DS CoLive  34 Pecinan Semarang Tengah,campur,semarang tengah,semarang,2000000,6
Kost Ibu Azizah Semarang Timur,putri,semarang timur,semarang,500000,2
Kost Keluarga Citarum Semarang Timur,campur,semarang timur,semarang,550000,0
Kost Harian Kita A Gayamsari Semarang,campur,gayamsari,semarang,850000,4
Kost Harian Kita Jl.  karang Ingas Tipe B Gayamsari Semarang,campur,gayamsari,semarang,2600000,4
Kost Belakang Rumah Mami Semarang Timur,putri,semarang timur,semarang,400000,2
kost Bu Yanti Berkah Gayamsari Semarang,campur,gayamsari,semarang,400000,2
Kost Griya Rejosari Semarang Timur,campur,semarang timur,semarang,1500000,4
Kost Kentangan House Semarang,putri,semarang tengah,semarang,700000,2
Kost Rejosari Semarang Timur,campur,semarang timur,semarang,450000,4
Kost Wisma DS Semarang Timur,putri,semarang timur,semarang,1000000,4
Kost Melati Bu Dwi Tipe A Ungaran Barat Semarang,putri,ungaran barat,semarang,800000,4
Kost Marella Residence Ungaran Barat Semarang,campur,ungaran barat,semarang,1500000,6
Kost Guest House Timlo Solo Tipe A Ungaran Barat Semarang,campur,ungaran barat,semarang,2200000,6
Kost De Uno House Ungaran Timur Semarang,campur,ungaran timur,semarang,1000000,4
Kost Otin Ungaran Barat Semarang,putri,ungaran barat,semarang,475000,2
Kost Putri Pak Mahsun Ungaran Semarang,putri,ungaran timur,semarang,400000,2
Kost Griya Undaris Ungaran Timur Semarang,campur,ungaran timur,semarang,1600000,4
Kost Homy Dliwang Ungaran Barat Semarang,putri,ungaran barat,semarang,500000,2
Kost Pondok Melati Ungaran Barat Semarang,putri,ungaran barat,semarang,550000,0
Kost Kanaya Sidomulyo Ungaran Timur,putri,ungaran timur,semarang,500000,4
Kost Zaskia Ungaran Barat Semarang,campur,ungaran barat,semarang,480000,4
Kost Dliwang Tipe A Ungaran Barat Semarang,putri,ungaran barat,semarang,500000,2
Kost Graha Undaris Ungaran Timur Semarang,putri,ungaran timur,semarang,1300000,4
Kost Bu Dewi Ungaran Timur Semarang,putri,ungaran timur,semarang,600000,4
Kost Bu Sri Karanbolo Ungaran Barat Semarang,putri,ungaran barat,semarang,650000,4
Kost Mr.1 Ungaran Barat Semarang,putra,ungaran barat,semarang,1350000,4
Kost Eksklusif Ngaliyan Semarang,putri,ngaliyan,semarang,900000,2
Kost Van Daroe Tipe D Ngaliyan Semarang,putra,ngaliyan,semarang,650000,0
Kost Van Daroe Tipe B Ngaliyan Semarang,campur,ngaliyan,semarang,2500000,6
Kost Van Daroe Tipe C Ngaliyan Semarang,putra,ngaliyan,semarang,600000,0
Kost Pak Suroto Ngaliyan Semarang,putra,ngaliyan,semarang,350000,4
Kost Industri Candi Ngaliyan Semarang,campur,ngaliyan,semarang,550000,6
Kost Nafisah Ngaliyan Semarang,putri,ngaliyan,semarang,1200000,4
Kost Permata Eksekutif Ngaliyan Semarang,campur,ngaliyan,semarang,1200000,6
Kost Akio Tipe A Ngaliyan Semarang,campur,ngaliyan,semarang,550000,2
Kost Akio TipeB Ngaliyan Semarang,campur,ngaliyan,semarang,1200000,4
Kost Annisa Ngaliyan Semarang,putri,ngaliyan,semarang,400000,2
Kost Attic Ngaliyan Semarang,putri,ngaliyan,semarang,500000,2
Kost Shafira BPI Ngaliyan Semarang,putri,ngaliyan,semarang,600000,4
Kost Wisma Beji Ngaliyan Semarang,putri,ngaliyan,semarang,600000,4
Kost Wisma Basae Ngaliyan Semarang,putri,ngaliyan,semarang,700000,4
Kost Khalisa 2 Ngaliyan Semarang,putri,ngaliyan,semarang,900000,2
Kost Candi Intan II Tipe A Ngaliyan Semarang,putra,ngaliyan,semarang,550000,2
Kost Pipit Ngaliyan Semarang,putra,ngaliyan,semarang,350000,0
Kost Ibu Eni Kliwonan Ngaliyan Semarang,putra,ngaliyan,semarang,500000,4
Kost Tetelu Tembalang Semarang,putri,tembalang,semarang,650000,2
Kost Putri Perumda Baru Tembalang Semarang,putri,tembalang,semarang,600000,0
Kost Adalina Banyumanik Semarang,putri,banyumanik,semarang,1500000,6
Kost Ganesha Shelter Bulusan Tembalang Semarang,putra,tembalang,semarang,800000,4
Kost Iwenisari Tembalang Semarang,putra,tembalang,semarang,550000,4
Kost Cozy Tembalang Semarang,putri,tembalang,semarang,550000,6
Kost Savannah Tembalang Semarang,putri,tembalang,semarang,1000000,4
Kost Golden Historian Tembalang Semarang,putra,tembalang,semarang,500000,4
Kost Corvette Tembalang Semarang,putra,tembalang,semarang,700000,4
Kost Pandawa Banyumanik Semarang,putra,banyumanik,semarang,1200000,6
Kost Wisma Naufal Tembalang Semarang,putra,tembalang,semarang,450000,2
Kost Hosana Tembalang Semarang,putri,tembalang,semarang,450000,4
Kost Flamboyan Tembalang Semarang,putri,tembalang,semarang,1200000,6
Kost Bapak Catur Tembalang Semarang,putra,tembalang,semarang,500000,2
Kost House of Jojo Tipe A Tembalang Semarang,putri,tembalang,semarang,550000,2
Kost Pak Tony Tembalang Semarang,putri,tembalang,semarang,500000,4
Kost Putri 18 Banyumanik Semarang,putri,banyumanik,semarang,950000,6
Kost 9b Undip Tembalang Semarang,campur,tembalang,semarang,1000000,6
Kost Bu Tohari Tipe A Lamper Kidul Semarang Selatan,putra,semarang selatan,semarang,850000,0
Kost Bu Tohari Tipe B Lamper Kidul Semarang Selatan,putra,semarang selatan,semarang,950000,2
Kost Medoho Gayamsari Semarang,campur,gayamsari,semarang,800000,0
Kost Ibu Lies Gayamsari Semarang,putri,gayamsari,semarang,400000,0
Kost Ibu Lis Tipe A Gayamsari Semarang,putri,gayamsari,semarang,400000,0
Kost Putri Baterman Kecil Semarang,putri,semarang tengah,semarang,1200000,0
Kost Utami Semarang Selatan,putri,semarang selatan,semarang,650000,6
Kost Jl. Lamper Tengah Semarang Selatan,campur,semarang selatan,semarang,1050000,6
Kost D'Orange Semarang Selatan,campur,semarang selatan,semarang,1500000,6
Kost Pleburan II 4 Semarang Selatan,putri,semarang selatan,semarang,1650000,6
Kost Mugas Simpang Lima Semarang,putri,semarang selatan,semarang,550000,2
Kost Mugas 767 Semarang Selatan,putri,semarang selatan,semarang,1000000,2
Kost Mugas Simpang Lima Semarang Selatan,putri,semarang selatan,semarang,550000,0
Kost Griya Loka Pleburan Simpang Lima Semarang Selatan,campur,semarang selatan,semarang,2000000,4
Kost Arina Gayamsari Semarang,putri,gayamsari,semarang,700000,2
Kost 22 Jl Lamongan Barat 6 Tipe B Gajah Mungkur Semarang,putri,gajahmungkur,semarang,750000,4
Kost 22 Jl Lamongan Barat 6 Tipe A Gajah Mungkur Semarang,campur,gajahmungkur,semarang,650000,2
Kost Griya Stonen Tipe B Gajahmungkur Semarang,campur,gajahmungkur,semarang,900000,4
Kost Exclusive Menoreh Gajahmungkur Semarang,putri,gajahmungkur,semarang,1500000,6
Kost Indriyono Tipe C1 Gajahmungkur Semarang,putri,gajahmungkur,semarang,800000,2
Kost Indriyono Tipe B Gajahmungkur Semarang,putri,gajahmungkur,semarang,700000,2
Kost Indriyono Tipe C2 Gajahmungkur Semarang,putri,gajahmungkur,semarang,1200000,2
Kost Kasih Gajahmungkur Semarang,putri,gajahmungkur,semarang,450000,4
Kost Andalus MenorehUtara Gajahmungkur Semarang,putri,gajahmungkur,semarang,550000,2
Kost Sampangan Tipe C Gajahmungkur Semarang,campur,gajahmungkur,semarang,600000,4
Kost Lamongan  Gajahmungkur Semarang,campur,gajahmungkur,semarang,650000,0
Kost Menoreh Timur Tipe B Gajahmungkur Semarang,campur,gajahmungkur,semarang,650000,4
Kost Bu Siane Tipe A Gajahmungkur Semarang,putra,gajahmungkur,semarang,450000,2
Kost Menoreh Dua Satu Tipe B Sampangan Gajahmungkur Semarang,putri,gajahmungkur,semarang,450000,2
Kost Putri Menoreh Dua Satu Sampangan Semarang,putri,gajahmungkur,semarang,500000,2
Kost Nanda Ngaliyan Semarang,putra,ngaliyan,semarang,600000,2
Kost Uti Menoreh Sampangan Gajahmungkur Semarang,putri,gajahmungkur,semarang,450000,4
Kost Griya Stonen Tipe A Gajahmungkur Semarang,campur,gajahmungkur,semarang,1500000,4
Kost Fitria Gajahmungkur Semarang,putra,gajahmungkur,semarang,300000,0
Kost D'bay 2 Banyumanik Semarang,putri,banyumanik,semarang,1500000,6
Kost Griya Sawunggaling Tipe A Banyumanik Semarang,putra,banyumanik,semarang,750000,2
Kost Paviliun Durian Executive Room Banyumanik Semarang,putri,banyumanik,semarang,1700000,6
Kost Mangga Dalam Selatan Banyumanik Semarang,campur,banyumanik,semarang,900000,4
Kost  ACE Tipe B Banyumanik Semarang,campur,banyumanik,semarang,1000000,2
Kost Bapak Sukarmin Tipe B Banyumanik Semarang,campur,banyumanik,semarang,400000,2
Kost Syariah Poltekes Srondol Wetan Banyumanik Semarang,putri,banyumanik,semarang,2600000,6
Kost Pandu Tipe A Pedurungan Semarang,campur,pedurungan,semarang,750000,4
Kost Pandu 12 Tipe B Pedurungan Semarang,campur,pedurungan,semarang,1200000,2
Kost Nugroho Tipe B Pedurungan Semarang,campur,pedurungan,semarang,1000000,4
Kost Nugroho Tipe A Pedurungan Semarang,campur,pedurungan,semarang,700000,4
Kost Pak Jumangi Pedurungan Semarang,campur,pedurungan,semarang,600000,4
Kost Bu Ratimah Pedurungan Semarang,campur,pedurungan,semarang,600000,2
Kost Bu Siti Tlogosari Pedurungan Semarang,campur,pedurungan,semarang,700000,0
Kost Tlogosari Pedurungan Semarang,putra,pedurungan,semarang,400000,4
Kost Didit Pedurungan Semarang,campur,pedurungan,semarang,550000,4
Kost Bintang Tipe A Tembalang Semarang,campur,tembalang,semarang,550000,4
Kost Regganet Tembalang Semarang,campur,tembalang,semarang,600000,4
Kost Mbak Nia Tipe A Pedurungan Semarang,campur,pedurungan,semarang,500000,2
Kost Mbak Nia Tipe B Pedurungan Semarang,campur,pedurungan,semarang,550000,2
Kost Mbak Nia Tipe C Pedurungan Semarang,campur,pedurungan,semarang,600000,2
Kost Kembar 27 Pedurungan Semarang,campur,pedurungan,semarang,600000,4
Kost Syariah Pasutri Pedurungan Semarang,campur,pedurungan,semarang,1350000,0
Kost Harian Pondok Pakde Pen Pedurungan Semarang,campur,pedurungan,semarang,850000,4
Kost Pondok Pakde Pen Tipe C Pedurungan Semarang,campur,pedurungan,semarang,850000,2
Kost Omah Joglo Gajahmungkur Semarang,campur,gajahmungkur,semarang,1750000,2
Kost Bu Siska Gajahmungkur Semarang,campur,gajahmungkur,semarang,700000,4
Kost De Ghazlina Gajahmungkur Semarang,putri,gajahmungkur,semarang,750000,4
Kost Bapak Sarono Tipe A Gajahmungkur Semarang,putra,gajahmungkur,semarang,400000,2
Kost Bapak Endra Gajahmungkur Semarang,campur,gajahmungkur,semarang,650000,2
Kost Wisma Idea Gajahmungkur Semarang,campur,gajahmungkur,semarang,1200000,2
Kost Pak Mudjiono Singosari Malang,campur,singosari,malang,425000,4
Kost Biru 2 Singosari Malang,putra,singosari,malang,400000,2
Kost Karanglo 19C Tipe B Singosari Malang,putra,singosari,malang,425000,2
Kost Angker Singosari Malang,putra,singosari,malang,400000,2
Kost Ibu Tutik Singosari Malang,campur,singosari,malang,400000,0
Kost Putra Mondoroko Singosari Malang,putra,singosari,malang,300000,0
Kost Jl. Suropati Singosari Malang,putra,singosari,malang,350000,2
Kost Bapak Mukaji Singosari Malang,putra,singosari,malang,450000,0
Kost P Tohir Sempol Singosari Malang,putra,singosari,malang,225000,2
Kost Karanglo Singosari Malang,putra,singosari,malang,350000,4
Kost Toko Jaya Abadi Tipe A Singosari Malang,campur,singosari,malang,350000,4
Kost Toko Jaya Abadi Tipe B Singosari Malang,campur,singosari,malang,550000,4
Kost Tunjungtirto Singosari Malang,putra,singosari,malang,250000,2
Kost Karolin Blimbing Malang,campur,blimbing,malang,1500000,6
Kost  54B Singosari Malang,putra,singosari,malang,450000,4
Kost Berkah Singosari Malang,putri,singosari,malang,550000,2
Kost Putra Manggar Tipe C Lowokwaru Malang,putra,lowokwaru,malang,500000,4
Kost Ratu Boarding House Tipe A Klojen Malang,putri,klojen,malang,2500000,6
Kost Ratu Boarding House Tipe B Klojen Malang,putra,klojen,malang,2500000,6
Kost Grand ABM Lowokwaru Malang,campur,lowokwaru,malang,1400000,4
Kost Bu Nur Lowokwaru Malang,putri,lowokwaru,malang,450000,2
Kost Gajayana Lowokwaru Malang,putri,lowokwaru,malang,500000,4
Kost Bantaran IIID Lowokwaru Malang,putra,lowokwaru,malang,500000,2
Kost Muslim Dwiga Lowokwaru Malang,putra,lowokwaru,malang,750000,4
Kost Jalan Kendalsari no 41 Lowokwaru Malang,putri,lowokwaru,malang,500000,2
Kost D'Maktab Homestay Lowokwaru Malang,campur,lowokwaru,malang,2500000,6
Kost LiSanda Lowokwaru Malang,putra,lowokwaru,malang,850000,2
Kost Semanggi Barat Tipe B Lowokwaru Malang,putri,lowokwaru,malang,450000,2
Kost Semanggi Barat Tipe A Lowokwaru Malang,putri,lowokwaru,malang,400000,2
Kost Matahari Lowokwaru Malang,putri,lowokwaru,malang,500000,2
Kost Gandrung Lowokwaru Malang,putri,lowokwaru,malang,750000,4
Kost Iin Tipe B Lowokwaru Malang,putra,lowokwaru,malang,800000,4
Kost Kamar Mandi Dalam Kalpataru 65 Lowokwaru Malang,putra,lowokwaru,malang,800000,6
Kost Kalpataru 65 Lowokwaru Malang,putra,lowokwaru,malang,600000,4
Kostan Putra Pagarra Syariah Tipe A Lowokwaru Malang,putra,lowokwaru,malang,1000000,6
Kost 249A Lowokwaru Malang,putri,lowokwaru,malang,500000,2
Kost N'Cafe A'isy Dhasyad Kepanjen Malang,campur,kepanjen,malang,600000,6
Kost Putri Bu Sarni Kepanjen Malang,putri,kepanjen,malang,350000,4
Kost LG Homestay Kepanjen Malang,campur,kepanjen,malang,650000,6
Kost Laos Kepanjen Malang,putra,kepanjen,malang,500000,4
Kost Al-Qodri Kepanjen Malang,campur,kepanjen,malang,400000,0
Kost Karyawan Kepanjen Malang,putra,kepanjen,malang,800000,4
Kost Adisantuso 20 Kepanjen Malang,putra,kepanjen,malang,600000,6
Kost Ibu Titis Tipe A Kepanjen Malang,putri,kepanjen,malang,300000,2
Kost Griya Panji Kepanjen Malang,putri,kepanjen,malang,350000,4
Kost Kepanjen Fariyana Kepanjen Malang,putra,kepanjen,malang,600000,6
Kost Barokah Tipe B Kepanjen Malang,putra,kepanjen,malang,500000,6
Kost Barokah Tipe A Kepanjen Malang,putra,kepanjen,malang,450000,4
Kost Buk Maning Kepanjen  Malang,campur,kepanjen,malang,500000,4
Kost Ibu Soes Tipe A Kepanjen Malang,putri,kepanjen,malang,450000,4
Kost Ibu Soes Tipe B Kepanjen Malang,putri,kepanjen,malang,500000,6
Kost Al Amin Kepanjen Malang,putri,kepanjen,malang,500000,2
Kost Ibu Titis Tipe B Kepanjen Malang,putri,kepanjen,malang,350000,4
Kost Asri Kepanjen Malang,campur,kepanjen,malang,600000,6
Kost Putri Muslim Kertopamuji 6 Lowokwaru Malang,putri,lowokwaru,malang,700000,2
Kost Kav 26 Lowokwaru Malang,putri,lowokwaru,malang,800000,4
Kost Terusan Surabaya Blok-A No.14-G Lowokwaru Malang,putri,lowokwaru,malang,850000,6
Kost Sumbersari 3-A 224 Lowokwaru Malang,putri,lowokwaru,malang,600000,4
Kost Mantika Lowokwaru Malang,putri,lowokwaru,malang,900000,6
Kost Adea Sukun Malang,putri,sukun,malang,950000,4
Kost Putri Kalijaga Lowokwaru Malang,putri,lowokwaru,malang,950000,6
Kost Andy Jaya Lowokwaru Malang,putra,lowokwaru,malang,400000,2
Kost Andy Jaya Panjaitan Klojen Malang,putri,klojen,malang,425000,2
Kost Dasti Sukun Malang,putri,sukun,malang,1000000,6
Kost Sumbersari VI/16 Tipe A Lowokwaru Malang,putra,lowokwaru,malang,600000,4
Kost Sumbersari 4/60B Lowokwaru Kota Malang,putri,lowokwaru,malang,600000,0
Kost Ruko Bening SIgura Gura Malang,putra,lowokwaru,malang,600000,2
Kost Pak Kusno Sukun Malang,putra,sukun,malang,700000,6
Kost Sumbersari Tipe C Lowokwaru Malang,putra,lowokwaru,malang,500000,2
Kost Muslimah Nawangan Lowokwaru Malang,putri,lowokwaru,malang,550000,2
Kost Wadas Lintang Tipe A Lowokwaru Malang,putri,lowokwaru,malang,350000,4
Kost Devy Lowokwaru Malang,putri,lowokwaru,malang,700000,2
Kost Ibu Titi 2 Batu Malang,campur,batu,malang,350000,2
Kost Afiasari Batu Malang,putra,batu,malang,500000,2
Kost White Batu,campur,batu,malang,500000,4
Kost Sakura Pesanggrahan Batu,campur,batu,malang,750000,6
Kost Pak Warisin Tipe B Batu Malang,campur,batu,malang,600000,4
Kost Raya Pattimura 37 Batu,putra,batu,malang,2000000,6
Kost Griya Syafa Batu Malang,putri,batu,malang,420000,4
Kost Pak To Soto I Batu,campur,batu,malang,450000,4
Kost Samadi Tipe D Batu,putri,batu,malang,700000,4
Kost Samadi Tipe A Batu,putri,batu,malang,400000,2
Kost Samadi Tipe B Batu,putri,batu,malang,500000,4
Kost Samadi Tipe C Batu,putri,batu,malang,600000,4
Kost Jalan Wukir Batu Malang,putra,batu,malang,400000,4
Kost Chimoen Batu,putri,batu,malang,400000,4
Kost L Jl. Suropati Gang Karate Batu,campur,batu,malang,750000,6
Kost Abah Heru Batu Premium Batu Malang,campur,batu,malang,750000,4
Kost Pak Warisin Tipe A Batu Malang,campur,batu,malang,375000,2
Kost Nonalisa Boarding House Sukun Malang,putri,sukun,malang,500000,0
Kost Srikandi Sukun Malang,putri,sukun,malang,300000,4
Kost Jl Simpang Kepuh Utara Sukun Malang,campur,sukun,malang,750000,6
Kost 3 Dara Tipe C Sukun Malang,putri,sukun,malang,1000000,2
Kost 3 Dara Tipe D Sukun Malang,putri,sukun,malang,1250000,2
Kost 3 Dara Tipe E Sukun Malang,putri,sukun,malang,1400000,2
Kost 3 Dara Tipe B Sukun Malang,putri,sukun,malang,900000,2
Kost 3 Dara Tipe A Sukun Malang,putri,sukun,malang,700000,2
Kost Nonalisa Sukun Malang,putri,sukun,malang,1000000,2
Kost Barokah Sukun Malang,putra,sukun,malang,450000,6
Kost Vfaeyfa Sukun Malang,putri,sukun,malang,530000,0
Kost Bu Indah Sukun Malang,putra,sukun,malang,500000,6
Kost Indah Janti Sukun Malang,putri,sukun,malang,700000,4
Kost Janti Sukun Malang,putra,sukun,malang,500000,4
Kost Merpati Sukun Malang,putri,sukun,malang,600000,6
Kost University Park Sukun Malang,putri,sukun,malang,500000,2
Kost Omah Mas Ozi Tipe B Klojen Malang,putri,klojen,malang,450000,4
Kost Griya Tipe C Sukun Malang,putri,sukun,malang,550000,4
Kost Griya Putri Sukun Malang,putri,sukun,malang,900000,6
Kost Total Sukun Malang,putra,sukun,malang,450000,4
Kost Fortuna Blimbing Malang,putra,blimbing,malang,850000,6
Kost Karyawan Eksklusif Blimbing Malang,putra,blimbing,malang,1500000,6
Kost Putri Kak Mella. Jln. Karya Timur Glintung Gang 4 No.63 Blimbing Malang,putri,blimbing,malang,450000,2
Kost Btari House Tipe B Blimbing Malang,campur,blimbing,malang,600000,4
Kost LA Sucipto 57A Tipe A Blimbing Malang,putri,blimbing,malang,600000,4
Kost LA Sucipto 57A Tipe B Blimbing Malang,putri,blimbing,malang,650000,4
Kost Borobudur IVB/9 Blimbing Malang,putri,blimbing,malang,400000,0
Kost Cimadur Tipe B Blimbing Malang,putra,blimbing,malang,750000,4
Kost Ibu Rani Tipe B Blimbing Malang,putri,blimbing,malang,700000,2
Kost Ibu Rani Tipe A Blimbing Malang,putri,blimbing,malang,400000,2
Kost Murah Tipe A Blimbing Malang,putri,blimbing,malang,350000,0
Kost Murah Tipe C Blimbing Malang,putri,blimbing,malang,550000,2
Kost Putri Ripin Lowokwaru Malang,putri,lowokwaru,malang,600000,6
Kost Sumbersari Gang 3 229A Tipe B Lowokwaru Malang,putri,lowokwaru,malang,900000,4
Kost Sumbersari  254A Tipe A Lowokwaru Malang,putri,lowokwaru,malang,750000,2
Kost Sumbersari  254A Tipe B Lowokwaru Malang,putri,lowokwaru,malang,800000,2
Kost Sumbersari Gang 3 229A Tipe A Lowokwaru Malang,putri,lowokwaru,malang,800000,0
Kost Sumbersari Gang 3 229A Tipe C Lowokwaru Malang,putri,lowokwaru,malang,1800000,4
Kost Pak Tohir Tipe B Lowokwaru Malang,putri,lowokwaru,malang,580000,2
Kost Pak Tohir Tipe A Lowokwaru Malang,putri,lowokwaru,malang,700000,2
Kost UB Bunga Matahari Lowokwaru Malang,putri,lowokwaru,malang,1300000,6
Kost Omakost Dieng Tipe A Sukun Malang,putra,sukun,malang,550000,4
Kost Bu Fitri Sukun Malang,putri,sukun,malang,650000,0
Kost Prabawira Klojen Malang,putri,klojen,malang,1000000,4
Kost Putri Ibu Yeni Candi 2 Tipe A Sukun Malang,putri,sukun,malang,650000,6
Kost Sumbersari VI/16 Tipe B Lowokwaru Malang,putra,lowokwaru,malang,600000,4
Kost Candi Badut 231 Sukun Malang,putri,sukun,malang,500000,6
Kost Bu Ali Jalan Mayjen Panjaitan Malang,putri,klojen,malang,450000,4
Kost Putri Athalia Tipe A Sukun Malang,putri,sukun,malang,500000,4
Kost Jln Kembang Kertas Tipe A Lowokwaru Malang,putra,lowokwaru,malang,900000,6
Kost PW Lowokwaru Malang,putri,lowokwaru,malang,850000,2
Kost Bu Aisyah Lowokwaru Malang,putra,lowokwaru,malang,500000,6
Kost Putri Keramik Dinoyo Malang,putri,lowokwaru,malang,416000,4
Kost Putri Pakpin Dinoyo Malang,putri,lowokwaru,malang,416000,4
Kost Dinoyo Permai Tipe C Lowokwaru Malang,putra,lowokwaru,malang,600000,4
Kost Suhat Putri Lowokwaru Malang,putri,lowokwaru,malang,900000,6
Kost Jl Taman Bunga Merak Lowokwaru Malang,putra,lowokwaru,malang,850000,6
Kost Putra Ibu Ida Candi Mendut Lowokwaru Malang,putra,lowokwaru,malang,800000,6
Kost Putra Ibu Ida Kendalsari Lowokwaru Malang,putra,lowokwaru,malang,600000,4
Kost Griya Shanta C-273 Lowokwaru Malang,putri,lowokwaru,malang,650000,6
Kost Divyanisa Lowokwaru Malang,putri,lowokwaru,malang,1500000,4
Kost TWKA 32 Lowokwaru Malang,putri,lowokwaru,malang,900000,4
Kost Bu Yudi Griyashanta Tipe C Lowokwaru Malang,putra,lowokwaru,malang,1250000,4
Kost Bu Yudi Griyashanta Tipe A Lowokwaru Malang,putra,lowokwaru,malang,900000,2
Kost Griya Asma Tipe B Lowokwaru Malang,putri,lowokwaru,malang,550000,4
Kost Cozy Putra Lowokwaru Malang,putra,lowokwaru,malang,1400000,6
